ep_global,maze,steps,reward,avg100,epsilon,avg_loss,crashed,total_steps,total_crashes,spawn,seed
1,2,69,-660.0,-660.0,0.999,0.0,1,69,1,"(-4.5,1.5)",42
2,2,94,-535.0,-597.5,0.998,0.0,1,163,2,"(0.5,-2.0)",42
3,2,56,-725.0,-640.0,0.997,0.0,1,219,3,"(1.5,0.0)",42
4,2,93,-540.0,-615.0,0.996,0.0,1,312,4,"(0.5,-2.0)",42
5,2,55,-730.0,-638.0,0.995,0.0,1,367,5,"(1.5,0.0)",42
6,2,46,-775.0,-660.83,0.994,0.0,1,413,6,"(-4.5,1.5)",42
7,2,106,-475.0,-634.29,0.993,0.0,1,519,7,"(-6.0,0.0)",42
8,2,55,-730.0,-646.25,0.992,0.0,1,574,8,"(1.5,0.0)",42
9,2,27,-870.0,-671.11,0.991,0.0,1,601,9,"(0.0,3.5)",42
10,2,219,90.0,-595.0,0.99,0.0,1,820,10,"(-7.0,5.0)",42
11,2,174,-135.0,-553.18,0.9891,0.0,1,994,11,"(6.0,6.0)",42
12,2,94,-535.0,-551.67,0.9881,0.0,1,1088,12,"(0.5,-2.0)",42
13,2,106,-475.0,-545.77,0.9871,0.0,1,1194,13,"(-6.0,0.0)",42
14,2,55,-730.0,-558.93,0.9861,0.0,1,1249,14,"(1.5,0.0)",42
15,2,175,-130.0,-530.33,0.9851,0.0,1,1424,15,"(6.0,6.0)",42
16,2,174,-135.0,-505.62,0.9841,0.0,1,1598,16,"(6.0,6.0)",42
17,2,27,-870.0,-527.06,0.9831,0.0,1,1625,17,"(0.0,3.5)",42
18,2,56,-725.0,-538.06,0.9822,0.0,1,1681,18,"(-4.5,1.5)",42
19,2,220,95.0,-504.74,0.9812,0.0,1,1901,19,"(-7.0,5.0)",42
20,2,27,-870.0,-523.0,0.9802,0.0,1,1928,20,"(0.0,3.5)",42
21,2,94,-535.0,-523.57,0.9792,0.0,1,2022,21,"(0.5,-2.0)",42
22,2,55,-730.0,-532.95,0.9782,0.0,1,2077,22,"(1.5,0.0)",42
23,2,27,-870.0,-547.61,0.9773,0.0,1,2104,23,"(0.0,3.5)",42
24,2,177,-120.0,-529.79,0.9763,0.0,1,2281,24,"(6.0,6.0)",42
25,2,281,400.0,-492.6,0.9753,0.0,1,2562,25,"(-1.5,-4.0)",42
26,2,220,95.0,-470.0,0.9743,0.0,1,2782,26,"(-7.0,5.0)",42
27,2,66,-675.0,-477.59,0.9733,0.0,1,2848,27,"(-4.5,1.5)",42
28,2,67,-670.0,-484.46,0.9724,0.0,1,2915,28,"(3.5,0.5)",42
29,2,57,-720.0,-492.59,0.9714,0.0,1,2972,29,"(-4.5,1.5)",42
30,2,164,-185.0,-482.33,0.9704,0.0,1,3136,30,"(-4.5,1.5)",42
31,2,94,-535.0,-484.03,0.9695,0.0,1,3230,31,"(0.5,-2.0)",42
32,2,55,-730.0,-491.72,0.9685,0.0,1,3285,32,"(1.5,0.0)",42
33,2,94,-535.0,-493.03,0.9675,0.0,1,3379,33,"(0.5,-2.0)",42
34,2,221,100.0,-475.59,0.9666,0.0,1,3600,34,"(-7.0,5.0)",42
35,2,42,-795.0,-484.71,0.9656,0.0,1,3642,35,"(-4.5,1.5)",42
36,2,66,-675.0,-490.0,0.9646,0.0,1,3708,36,"(-4.5,1.5)",42
37,2,42,-795.0,-498.24,0.9637,0.0,1,3750,37,"(-4.5,1.5)",42
38,2,27,-870.0,-508.03,0.9627,0.0,1,3777,38,"(0.0,3.5)",42
39,2,175,-130.0,-498.33,0.9617,0.0,1,3952,39,"(6.0,6.0)",42
40,2,27,-870.0,-507.62,0.9608,0.0,1,3979,40,"(0.0,3.5)",42
41,2,31,-850.0,-515.98,0.9598,0.0,1,4010,41,"(-4.5,1.5)",42
42,2,221,100.0,-501.31,0.9588,0.0,1,4231,42,"(-7.0,5.0)",42
43,2,27,-870.0,-509.88,0.9579,0.0,1,4258,43,"(0.0,3.5)",42
44,2,27,-870.0,-518.07,0.9569,0.0,1,4285,44,"(0.0,3.5)",42
45,2,106,-475.0,-517.11,0.956,0.0,1,4391,45,"(-6.0,0.0)",42
46,2,67,-670.0,-520.43,0.955,0.0,1,4458,46,"(3.5,0.5)",42
47,2,281,400.0,-500.85,0.9541,0.0,1,4739,47,"(-1.5,-4.0)",42
48,2,28,-865.0,-508.44,0.9531,0.0,1,4767,48,"(0.0,3.5)",42
49,2,280,395.0,-490.0,0.9522,9792.498732,1,5047,49,"(-1.5,-4.0)",42
50,2,174,-135.0,-482.9,0.9512,8664.700966,1,5221,50,"(6.0,6.0)",42
51,2,106,-475.0,-482.75,0.9503,7707.712046,1,5327,51,"(-6.0,0.0)",42
52,2,27,-870.0,-490.19,0.9493,8146.755376,1,5354,52,"(0.0,3.5)",42
53,2,94,-535.0,-491.04,0.9484,7019.496539,1,5448,53,"(0.5,-2.0)",42
54,2,174,-135.0,-484.44,0.9474,10408.521169,1,5622,54,"(6.0,6.0)",42
55,2,176,-125.0,-477.91,0.9465,10567.97505,1,5798,55,"(6.0,6.0)",42
56,2,27,-870.0,-484.91,0.9455,14010.293212,1,5825,56,"(0.0,3.5)",42
57,2,219,90.0,-474.82,0.9446,10450.811474,1,6044,57,"(-7.0,5.0)",42
58,2,175,-130.0,-468.88,0.9436,8793.484812,1,6219,58,"(6.0,6.0)",42
59,2,67,-670.0,-472.29,0.9427,10184.525667,1,6286,59,"(3.5,0.5)",42
60,2,106,-475.0,-472.33,0.9417,8679.174429,1,6392,60,"(-6.0,0.0)",42
61,2,28,-865.0,-478.77,0.9408,11894.702489,1,6420,61,"(0.0,3.5)",42
62,2,67,-670.0,-481.85,0.9399,10651.165234,1,6487,62,"(3.5,0.5)",42
63,2,219,90.0,-472.78,0.9389,9962.671946,1,6706,63,"(-7.0,5.0)",42
64,2,221,100.0,-463.83,0.938,9256.775701,1,6927,64,"(-7.0,5.0)",42
65,2,67,-670.0,-467.0,0.937,10486.053972,1,6994,65,"(3.5,0.5)",42
66,2,223,110.0,-458.26,0.9361,8633.117976,1,7217,66,"(-7.0,5.0)",42
67,2,220,95.0,-450.0,0.9352,11137.747456,1,7437,67,"(-7.0,5.0)",42
68,2,67,-670.0,-453.24,0.9342,7183.806375,1,7504,68,"(3.5,0.5)",42
69,2,224,115.0,-445.0,0.9333,9147.45546,1,7728,69,"(-7.0,5.0)",42
70,2,94,-535.0,-446.29,0.9324,9635.929668,1,7822,70,"(0.5,-2.0)",42
71,2,106,-475.0,-446.69,0.9314,8076.594612,1,7928,71,"(-6.0,0.0)",42
72,2,281,400.0,-434.93,0.9305,9764.910282,1,8209,72,"(-1.5,-4.0)",42
73,2,53,-740.0,-439.11,0.9296,10097.325612,1,8262,73,"(-4.5,1.5)",42
74,2,68,-665.0,-442.16,0.9286,11172.879335,1,8330,74,"(3.5,0.5)",42
75,2,221,100.0,-434.93,0.9277,9325.602258,1,8551,75,"(-7.0,5.0)",42
76,2,27,-870.0,-440.66,0.9268,10255.348872,1,8578,76,"(0.0,3.5)",42
77,2,106,-475.0,-441.1,0.9259,10019.165672,1,8684,77,"(-6.0,0.0)",42
78,2,38,-815.0,-445.9,0.9249,7690.878533,1,8722,78,"(-4.5,1.5)",42
79,2,27,-870.0,-451.27,0.924,7227.636016,1,8749,79,"(0.0,3.5)",42
80,2,219,90.0,-444.5,0.9231,9965.637031,1,8968,80,"(-7.0,5.0)",42
81,2,221,100.0,-437.78,0.9222,9104.63647,1,9189,81,"(-7.0,5.0)",42
82,2,174,-135.0,-434.09,0.9212,8457.430784,1,9363,82,"(-4.5,1.5)",42
83,2,219,90.0,-427.77,0.9203,8571.800372,1,9582,83,"(-7.0,5.0)",42
84,2,67,-670.0,-430.65,0.9194,11791.744209,1,9649,84,"(3.5,0.5)",42
85,2,27,-870.0,-435.82,0.9185,7874.256417,1,9676,85,"(0.0,3.5)",42
86,2,197,-20.0,-430.99,0.9176,9666.044316,1,9873,86,"(-4.5,1.5)",42
87,2,221,100.0,-424.89,0.9166,7960.562526,1,10094,87,"(-7.0,5.0)",42
88,2,67,-670.0,-427.67,0.9157,6390.060186,1,10161,88,"(3.5,0.5)",42
89,2,106,-475.0,-428.2,0.9148,7660.918492,1,10267,89,"(-6.0,0.0)",42
90,2,182,-95.0,-424.5,0.9139,10118.392,1,10449,90,"(-4.5,1.5)",42
91,2,107,-470.0,-425.0,0.913,8096.229315,1,10556,91,"(-6.0,0.0)",42
92,2,168,-165.0,-422.17,0.9121,8895.523877,1,10724,92,"(-4.5,1.5)",42
93,2,55,-730.0,-425.48,0.9112,8077.339272,1,10779,93,"(1.5,0.0)",42
94,2,106,-475.0,-426.01,0.9102,8613.580256,1,10885,94,"(-6.0,0.0)",42
95,2,279,390.0,-417.42,0.9093,8150.737552,1,11164,95,"(-1.5,-4.0)",42
96,2,106,-475.0,-418.02,0.9084,9147.797119,1,11270,96,"(-6.0,0.0)",42
97,2,55,-730.0,-421.24,0.9075,11626.120796,1,11325,97,"(1.5,0.0)",42
98,2,106,-475.0,-421.79,0.9066,10461.784888,1,11431,98,"(-6.0,0.0)",42
99,2,106,-475.0,-422.32,0.9057,9088.745338,1,11537,99,"(-6.0,0.0)",42
100,2,93,-540.0,-423.5,0.9048,9908.428017,1,11630,100,"(-4.5,1.5)",42
101,2,94,-535.0,-422.25,0.9039,10390.296704,1,11724,101,"(0.5,-2.0)",42
102,2,280,395.0,-412.95,0.903,7692.904805,1,12004,102,"(-1.5,-4.0)",42
103,2,28,-865.0,-414.35,0.9021,8874.303172,1,12032,103,"(0.0,3.5)",42
104,2,55,-730.0,-416.25,0.9012,10303.657193,1,12087,104,"(1.5,0.0)",42
105,2,96,-525.0,-414.2,0.9003,8894.079047,1,12183,105,"(-4.5,1.5)",42
106,2,176,-125.0,-407.7,0.8994,9843.8443,1,12359,106,"(6.0,6.0)",42
107,2,174,-135.0,-404.3,0.8985,9000.029664,1,12533,107,"(6.0,6.0)",42
108,2,157,-220.0,-399.2,0.8976,8527.477954,1,12690,108,"(-4.5,1.5)",42
109,2,201,0.0,-390.5,0.8967,8926.391936,1,12891,109,"(-4.5,1.5)",42
110,2,174,-135.0,-392.75,0.8958,10048.819811,1,13065,110,"(6.0,6.0)",42
111,2,280,395.0,-387.45,0.8949,8951.83517,1,13345,111,"(-1.5,-4.0)",42
112,2,281,400.0,-378.1,0.894,7548.345971,1,13626,112,"(-1.5,-4.0)",42
113,2,27,-870.0,-382.05,0.8931,8621.417014,1,13653,113,"(0.0,3.5)",42
114,2,55,-730.0,-382.05,0.8922,8956.134814,1,13708,114,"(1.5,0.0)",42
115,2,106,-475.0,-385.5,0.8913,11140.963357,1,13814,115,"(-6.0,0.0)",42
116,2,166,-175.0,-385.9,0.8904,8682.017133,1,13980,116,"(-4.5,1.5)",42
117,2,94,-535.0,-382.55,0.8895,8662.479921,1,14074,117,"(-4.5,1.5)",42
118,2,280,395.0,-371.35,0.8886,8631.137142,1,14354,118,"(-1.5,-4.0)",42
119,2,94,-535.0,-377.65,0.8878,7968.131525,1,14448,119,"(0.5,-2.0)",42
120,2,65,-680.0,-375.75,0.8869,8869.656616,1,14513,120,"(-4.5,1.5)",42
121,2,55,-730.0,-377.7,0.886,10306.842571,1,14568,121,"(1.5,0.0)",42
122,2,280,395.0,-366.45,0.8851,8748.191449,1,14848,122,"(-1.5,-4.0)",42
123,2,279,390.0,-353.85,0.8842,7916.070076,1,15127,123,"(-1.5,-4.0)",42
124,2,67,-670.0,-359.35,0.8833,5672.819264,1,15194,124,"(3.5,0.5)",42
125,2,55,-730.0,-370.65,0.8824,8606.475037,1,15249,125,"(1.5,0.0)",42
126,2,42,-795.0,-379.55,0.8816,10941.378892,1,15291,126,"(-4.5,1.5)",42
127,2,195,-30.0,-373.1,0.8807,7168.983015,1,15486,127,"(-4.5,1.5)",42
128,2,168,-165.0,-368.05,0.8798,8497.680845,1,15654,128,"(-4.5,1.5)",42
129,2,280,395.0,-356.9,0.8789,7903.331689,1,15934,129,"(-1.5,-4.0)",42
130,2,175,-130.0,-356.35,0.878,6655.408588,1,16109,130,"(6.0,6.0)",42
131,2,67,-670.0,-357.7,0.8772,7498.174182,1,16176,131,"(3.5,0.5)",42
132,2,94,-535.0,-355.75,0.8763,7703.66513,1,16270,132,"(0.5,-2.0)",42
133,2,222,105.0,-349.35,0.8754,8717.398461,1,16492,133,"(-7.0,5.0)",42
134,2,55,-730.0,-357.65,0.8745,4996.255979,1,16547,134,"(1.5,0.0)",42
135,2,94,-535.0,-355.05,0.8737,7160.185157,1,16641,135,"(0.5,-2.0)",42
136,2,106,-475.0,-353.05,0.8728,8439.104594,1,16747,136,"(-6.0,0.0)",42
137,2,283,410.0,-341.0,0.8719,8957.459217,1,17030,137,"(-1.5,-4.0)",42
138,2,175,-130.0,-333.6,0.871,7491.220346,1,17205,138,"(6.0,6.0)",42
139,2,27,-870.0,-341.0,0.8702,6375.192017,1,17232,139,"(0.0,3.5)",42
140,2,177,-120.0,-333.5,0.8693,9495.668115,1,17409,140,"(6.0,6.0)",42
141,2,68,-665.0,-331.65,0.8684,7575.120906,1,17477,141,"(3.5,0.5)",42
142,2,94,-535.0,-338.0,0.8676,5727.358289,1,17571,142,"(0.5,-2.0)",42
143,2,106,-475.0,-334.05,0.8667,6370.846902,1,17677,143,"(-6.0,0.0)",42
144,2,106,-475.0,-330.1,0.8658,9169.948715,1,17783,144,"(-6.0,0.0)",42
145,2,67,-670.0,-332.05,0.865,8105.428993,1,17850,145,"(3.5,0.5)",42
146,2,106,-475.0,-330.1,0.8641,8964.993287,1,17956,146,"(-6.0,0.0)",42
147,2,280,395.0,-330.15,0.8632,7958.994992,1,18236,147,"(-1.5,-4.0)",42
148,2,28,-865.0,-330.15,0.8624,7696.021405,1,18264,148,"(0.0,3.5)",42
149,2,67,-670.0,-340.8,0.8615,7587.83111,1,18331,149,"(3.5,0.5)",42
150,2,175,-130.0,-340.75,0.8606,8205.983651,1,18506,150,"(6.0,6.0)",42
151,2,106,-475.0,-340.75,0.8598,8901.459844,1,18612,151,"(-6.0,0.0)",42
152,2,27,-870.0,-340.75,0.8589,8103.398819,1,18639,152,"(0.0,3.5)",42
153,2,282,405.0,-331.35,0.8581,6772.128303,1,18921,153,"(-1.5,-4.0)",42
154,2,27,-870.0,-338.7,0.8572,6697.495438,1,18948,154,"(0.0,3.5)",42
155,2,67,-670.0,-344.15,0.8563,7699.136929,1,19015,155,"(3.5,0.5)",42
156,2,27,-870.0,-344.15,0.8555,6955.244663,1,19042,156,"(0.0,3.5)",42
157,2,220,95.0,-344.1,0.8546,8735.687869,1,19262,157,"(-7.0,5.0)",42
158,2,106,-475.0,-347.55,0.8538,6886.455705,1,19368,158,"(-6.0,0.0)",42
159,2,175,-130.0,-342.15,0.8529,7613.896104,1,19543,159,"(6.0,6.0)",42
160,2,55,-730.0,-344.7,0.8521,9325.175116,1,19598,160,"(1.5,0.0)",42
161,2,177,-120.0,-337.25,0.8512,7344.360847,1,19775,161,"(6.0,6.0)",42
162,2,222,105.0,-329.5,0.8504,6676.793042,1,19997,162,"(-7.0,5.0)",42
163,2,106,-475.0,-335.15,0.8495,7063.274808,1,20103,163,"(-6.0,0.0)",42
164,2,280,395.0,-332.2,0.8487,7773.907946,1,20383,164,"(-1.5,-4.0)",42
165,2,67,-670.0,-332.2,0.8478,7837.147312,1,20450,165,"(3.5,0.5)",42
166,2,27,-870.0,-342.0,0.847,6246.345674,1,20477,166,"(0.0,3.5)",42
167,2,216,75.0,-342.2,0.8461,6838.829541,1,20693,167,"(-7.0,5.0)",42
168,2,231,150.0,-334.0,0.8453,7269.875324,1,20924,168,"(-7.0,5.0)",42
169,2,67,-670.0,-341.85,0.8444,6539.737012,1,20991,169,"(3.5,0.5)",42
170,2,106,-475.0,-341.25,0.8436,6393.154369,1,21097,170,"(-6.0,0.0)",42
171,2,174,-135.0,-337.85,0.8427,6655.4292,1,21271,171,"(6.0,6.0)",42
172,2,174,-135.0,-343.2,0.8419,6666.64197,1,21445,172,"(6.0,6.0)",42
173,2,106,-475.0,-340.55,0.8411,6838.918801,1,21551,173,"(-6.0,0.0)",42
174,2,279,390.0,-330.0,0.8402,6589.730898,1,21830,174,"(-1.5,-4.0)",42
175,2,55,-730.0,-338.3,0.8394,7097.718249,1,21885,175,"(1.5,0.0)",42
176,2,93,-540.0,-335.0,0.8385,7017.763797,1,21978,176,"(0.5,-2.0)",42
177,2,93,-540.0,-335.65,0.8377,7070.634196,1,22071,177,"(0.5,-2.0)",42
178,2,106,-475.0,-332.25,0.8369,8251.688418,1,22177,178,"(-6.0,0.0)",42
179,2,175,-130.0,-324.85,0.836,8850.758435,1,22352,179,"(6.0,6.0)",42
180,2,281,400.0,-321.75,0.8352,6796.760345,1,22633,180,"(-1.5,-4.0)",42
181,2,27,-870.0,-331.45,0.8344,4536.444273,1,22660,181,"(0.0,3.5)",42
182,2,67,-670.0,-336.8,0.8335,8274.177269,1,22727,182,"(3.5,0.5)",42
183,2,94,-535.0,-343.05,0.8327,6302.677829,1,22821,183,"(0.5,-2.0)",42
184,2,106,-475.0,-341.1,0.8319,7512.224826,1,22927,184,"(-6.0,0.0)",42
185,2,94,-535.0,-337.75,0.831,6852.196753,1,23021,185,"(0.5,-2.0)",42
186,2,167,-170.0,-339.25,0.8302,5573.626155,1,23188,186,"(-4.5,1.5)",42
187,2,67,-670.0,-346.95,0.8294,5582.383854,1,23255,187,"(3.5,0.5)",42
188,2,27,-870.0,-348.95,0.8285,9086.40427,1,23282,188,"(0.0,3.5)",42
189,2,106,-475.0,-348.95,0.8277,6381.536648,1,23388,189,"(-6.0,0.0)",42
190,2,280,395.0,-344.05,0.8269,6520.257792,1,23668,190,"(-1.5,-4.0)",42
191,2,27,-870.0,-348.05,0.8261,4052.344967,1,23695,191,"(0.0,3.5)",42
192,2,67,-670.0,-353.1,0.8252,8421.756013,1,23762,192,"(3.5,0.5)",42
193,2,289,440.0,-341.4,0.8244,6195.882174,1,24051,193,"(-1.5,-4.0)",42
194,2,174,-135.0,-338.0,0.8236,6039.749046,1,24225,194,"(6.0,6.0)",42
195,2,27,-870.0,-350.6,0.8228,5821.494208,1,24252,195,"(0.0,3.5)",42
196,2,55,-730.0,-353.15,0.8219,5895.330124,1,24307,196,"(1.5,0.0)",42
197,2,55,-730.0,-353.15,0.8211,7399.027148,1,24362,197,"(1.5,0.0)",42
198,2,220,95.0,-347.45,0.8203,5202.817028,1,24582,198,"(-7.0,5.0)",42
199,2,55,-730.0,-350.0,0.8195,4426.214519,1,24637,199,"(1.5,0.0)",42
200,2,55,-730.0,-351.9,0.8186,5173.960367,1,24692,200,"(1.5,0.0)",42
201,2,180,-105.0,-347.6,0.8178,5483.669178,1,24872,201,"(6.0,6.0)",42
202,2,27,-870.0,-360.25,0.817,4381.536091,1,24899,202,"(0.0,3.5)",42
203,2,280,395.0,-347.65,0.8162,5725.606045,1,25179,203,"(-1.5,-4.0)",42
204,2,106,-475.0,-345.1,0.8154,4880.180367,1,25285,204,"(-6.0,0.0)",42
205,2,94,-535.0,-345.2,0.8146,7465.043218,1,25379,205,"(0.5,-2.0)",42
206,2,280,395.0,-340.0,0.8137,4995.011088,1,25659,206,"(-1.5,-4.0)",42
207,2,280,395.0,-334.7,0.8129,4871.770568,1,25939,207,"(-1.5,-4.0)",42
208,2,280,395.0,-328.55,0.8121,4975.493069,1,26219,208,"(-1.5,-4.0)",42
209,2,67,-670.0,-335.25,0.8113,5528.331727,1,26286,209,"(3.5,0.5)",42
210,2,94,-535.0,-339.25,0.8105,5055.124922,1,26380,210,"(0.5,-2.0)",42
211,2,44,-785.0,-351.05,0.8097,5615.56066,1,26424,211,"(-4.5,1.5)",42
212,2,175,-130.0,-356.35,0.8089,4543.259326,1,26599,212,"(6.0,6.0)",42
213,2,67,-670.0,-354.35,0.8081,3649.770899,1,26666,213,"(3.5,0.5)",42
214,2,279,390.0,-343.15,0.8073,4946.016047,1,26945,214,"(-1.5,-4.0)",42
215,2,94,-535.0,-343.75,0.8065,3757.046567,1,27039,215,"(0.5,-2.0)",42
216,2,67,-670.0,-348.7,0.8056,4251.251958,1,27106,216,"(3.5,0.5)",42
217,2,55,-730.0,-350.65,0.8048,2190.749722,1,27161,217,"(1.5,0.0)",42
218,2,177,-120.0,-355.8,0.804,5144.12983,1,27338,218,"(6.0,6.0)",42
219,2,27,-870.0,-359.15,0.8032,5376.181855,1,27365,219,"(0.0,3.5)",42
220,2,159,-210.0,-354.45,0.8024,4262.695561,1,27524,220,"(-4.5,1.5)",42
221,2,94,-535.0,-352.5,0.8016,4053.361932,1,27618,221,"(0.5,-2.0)",42
222,2,55,-730.0,-363.75,0.8008,3869.158114,1,27673,222,"(1.5,0.0)",42
223,2,220,95.0,-366.7,0.8,3549.000881,1,27893,223,"(-7.0,5.0)",42
224,2,221,100.0,-359.0,0.7992,4074.235409,1,28114,224,"(-7.0,5.0)",42
225,2,55,-730.0,-359.0,0.7984,3560.528006,1,28169,225,"(1.5,0.0)",42
226,2,55,-730.0,-358.35,0.7976,4274.034752,1,28224,226,"(1.5,0.0)",42
227,2,173,-140.0,-359.45,0.7968,2725.95951,1,28397,227,"(6.0,6.0)",42
228,2,27,-870.0,-366.5,0.796,4544.264166,1,28424,228,"(0.0,3.5)",42
229,2,282,405.0,-366.4,0.7952,2974.097168,1,28706,229,"(-1.5,-4.0)",42
230,2,88,-565.0,-370.75,0.7944,2424.441319,1,28794,230,"(-4.5,1.5)",42
231,2,160,-205.0,-366.1,0.7936,4663.352126,1,28954,231,"(-4.5,1.5)",42
232,2,55,-730.0,-368.05,0.7929,4036.066832,1,29009,232,"(1.5,0.0)",42
233,2,67,-670.0,-375.8,0.7921,3324.023491,1,29076,233,"(3.5,0.5)",42
234,2,27,-870.0,-377.2,0.7913,1946.322974,1,29103,234,"(0.0,3.5)",42
235,2,280,395.0,-367.9,0.7905,2982.852842,1,29383,235,"(-1.5,-4.0)",42
236,2,223,110.0,-362.05,0.7897,3798.543557,1,29606,236,"(-7.0,5.0)",42
237,2,94,-535.0,-371.5,0.7889,3448.891254,1,29700,237,"(0.5,-2.0)",42
238,2,106,-475.0,-374.95,0.7881,3766.633545,1,29806,238,"(-6.0,0.0)",42
239,2,106,-475.0,-371.0,0.7873,2977.109732,1,29912,239,"(-6.0,0.0)",42
240,2,283,410.0,-365.7,0.7865,2274.012671,1,30195,240,"(-1.5,-4.0)",42
241,2,177,-120.0,-360.25,0.7857,3044.120307,1,30372,241,"(6.0,6.0)",42
242,2,67,-670.0,-361.6,0.785,2997.258522,1,30439,242,"(3.5,0.5)",42
243,2,175,-130.0,-358.15,0.7842,1995.755957,1,30614,243,"(6.0,6.0)",42
244,2,94,-535.0,-358.75,0.7834,2108.787204,1,30708,244,"(0.5,-2.0)",42
245,2,289,440.0,-347.65,0.7826,2646.623513,1,30997,245,"(-4.5,1.5)",42
246,2,28,-865.0,-351.55,0.7818,1315.993877,1,31025,246,"(0.0,3.5)",42
247,2,219,90.0,-354.6,0.781,2019.81689,1,31244,247,"(-7.0,5.0)",42
248,2,220,95.0,-345.0,0.7803,2122.917986,1,31464,248,"(-7.0,5.0)",42
249,2,281,400.0,-334.3,0.7795,2102.409233,1,31745,249,"(-1.5,-4.0)",42
250,2,186,-75.0,-333.75,0.7787,1752.658744,1,31931,250,"(-4.5,1.5)",42
251,2,67,-670.0,-335.7,0.7779,2303.120111,1,31998,251,"(3.5,0.5)",42
252,2,281,400.0,-323.0,0.7771,1685.356715,1,32279,252,"(-1.5,-4.0)",42
253,2,94,-535.0,-332.4,0.7764,1979.963757,1,32373,253,"(0.5,-2.0)",42
254,2,152,-245.0,-326.15,0.7756,1881.537022,1,32525,254,"(-4.5,1.5)",42
255,2,106,-475.0,-324.2,0.7748,2036.478639,1,32631,255,"(-6.0,0.0)",42
256,2,216,75.0,-314.75,0.774,1872.192059,1,32847,256,"(-7.0,5.0)",42
257,2,67,-670.0,-322.4,0.7733,1480.727251,1,32914,257,"(3.5,0.5)",42
258,2,94,-535.0,-323.0,0.7725,1193.66809,1,33008,258,"(0.5,-2.0)",42
259,2,175,-130.0,-323.0,0.7717,2181.788095,1,33183,259,"(6.0,6.0)",42
260,2,222,105.0,-314.65,0.771,1528.891973,1,33405,260,"(-7.0,5.0)",42
261,2,282,405.0,-309.4,0.7702,1374.074167,1,33687,261,"(-1.5,-4.0)",42
262,2,94,-535.0,-315.8,0.7694,836.081412,1,33781,262,"(0.5,-2.0)",42
263,2,175,-130.0,-312.35,0.7686,1295.249211,1,33956,263,"(6.0,6.0)",42
264,2,93,-540.0,-321.7,0.7679,650.627023,1,34049,264,"(0.5,-2.0)",42
265,2,215,70.0,-314.3,0.7671,1611.439093,1,34264,265,"(-7.0,5.0)",42
266,2,222,105.0,-304.55,0.7663,1137.89056,1,34486,266,"(-7.0,5.0)",42
267,2,224,115.0,-304.15,0.7656,1200.429501,1,34710,267,"(-4.5,1.5)",42
268,2,280,395.0,-301.7,0.7648,1995.348347,1,34990,268,"(-1.5,-4.0)",42
269,2,27,-870.0,-303.7,0.764,1162.655452,1,35017,269,"(0.0,3.5)",42
270,2,28,-865.0,-307.6,0.7633,2539.045215,1,35045,270,"(0.0,3.5)",42
271,2,280,395.0,-302.3,0.7625,1108.194227,1,35325,271,"(-1.5,-4.0)",42
272,2,224,115.0,-299.8,0.7618,1163.875308,1,35549,272,"(-7.0,5.0)",42
273,2,175,-130.0,-296.35,0.761,1278.442697,1,35724,273,"(6.0,6.0)",42
274,2,94,-535.0,-305.6,0.7602,1634.351785,1,35818,274,"(0.5,-2.0)",42
275,2,279,390.0,-294.4,0.7595,1502.563556,1,36097,275,"(-1.5,-4.0)",42
276,2,28,-865.0,-297.65,0.7587,1433.087373,1,36125,276,"(0.0,3.5)",42
277,2,106,-475.0,-297.0,0.7579,1803.466918,1,36231,277,"(-6.0,0.0)",42
278,2,166,-175.0,-294.0,0.7572,1149.829572,1,36397,278,"(-4.5,1.5)",42
279,2,67,-670.0,-299.4,0.7564,734.671313,1,36464,279,"(3.5,0.5)",42
280,2,55,-730.0,-310.7,0.7557,551.516904,1,36519,280,"(1.5,0.0)",42
281,2,27,-870.0,-310.7,0.7549,1000.046511,1,36546,281,"(0.0,3.5)",42
282,2,176,-125.0,-305.25,0.7542,1836.382694,1,36722,282,"(6.0,6.0)",42
283,2,55,-730.0,-307.2,0.7534,1043.053879,1,36777,283,"(1.5,0.0)",42
284,2,28,-865.0,-311.1,0.7527,560.715578,1,36805,284,"(0.0,3.5)",42
285,2,170,-155.0,-307.3,0.7519,1519.091215,1,36975,285,"(-4.5,1.5)",42
286,2,173,-140.0,-307.0,0.7512,996.422898,1,37148,286,"(6.0,6.0)",42
287,2,94,-535.0,-305.65,0.7504,1272.31724,1,37242,287,"(0.5,-2.0)",42
288,2,219,90.0,-296.05,0.7497,1235.810702,1,37461,288,"(-7.0,5.0)",42
289,2,175,-130.0,-292.6,0.7489,1289.134605,1,37636,289,"(6.0,6.0)",42
290,2,107,-470.0,-301.25,0.7482,1330.395744,1,37743,290,"(-6.0,0.0)",42
291,2,220,95.0,-291.6,0.7474,1061.983246,1,37963,291,"(-7.0,5.0)",42
292,2,55,-730.0,-292.2,0.7467,1822.275445,1,38018,292,"(1.5,0.0)",42
293,2,152,-245.0,-299.05,0.7459,1081.734499,1,38170,293,"(-4.5,1.5)",42
294,2,106,-475.0,-302.45,0.7452,976.119117,1,38276,294,"(-6.0,0.0)",42
295,2,93,-540.0,-299.15,0.7444,638.044944,1,38369,295,"(0.5,-2.0)",42
296,2,174,-135.0,-293.2,0.7437,950.438884,1,38543,296,"(6.0,6.0)",42
297,2,107,-470.0,-290.6,0.7429,809.727845,1,38650,297,"(-6.0,0.0)",42
298,2,175,-130.0,-292.85,0.7422,989.943652,1,38825,298,"(6.0,6.0)",42
299,2,27,-870.0,-294.25,0.7414,589.968057,1,38852,299,"(0.0,3.5)",42
300,2,175,-130.0,-288.25,0.7407,1108.662873,1,39027,300,"(6.0,6.0)",42
301,2,94,-535.0,-292.55,0.74,633.249135,1,39121,301,"(0.5,-2.0)",42
302,2,94,-535.0,-289.2,0.7392,574.444173,1,39215,302,"(0.5,-2.0)",42
303,2,67,-670.0,-299.85,0.7385,667.062109,1,39282,303,"(3.5,0.5)",42
304,2,176,-125.0,-296.35,0.7377,789.087717,1,39458,304,"(6.0,6.0)",42
305,2,27,-870.0,-299.7,0.737,1516.850533,1,39485,305,"(0.0,3.5)",42
306,2,67,-670.0,-310.35,0.7363,804.794919,1,39552,306,"(3.5,0.5)",42
307,2,175,-130.0,-315.6,0.7355,1265.766182,1,39727,307,"(6.0,6.0)",42
308,2,219,90.0,-318.65,0.7348,1079.862982,1,39946,308,"(-7.0,5.0)",42
309,2,106,-475.0,-316.7,0.7341,750.312426,1,40052,309,"(-6.0,0.0)",42
310,2,224,115.0,-310.2,0.7333,849.772333,1,40276,310,"(-7.0,5.0)",42
311,2,281,400.0,-298.35,0.7326,747.382516,1,40557,311,"(-1.5,-4.0)",42
312,2,280,395.0,-293.1,0.7319,1151.852933,1,40837,312,"(-1.5,-4.0)",42
313,2,94,-535.0,-291.75,0.7311,496.917747,1,40931,313,"(0.5,-2.0)",42
314,2,27,-870.0,-304.35,0.7304,722.012665,1,40958,314,"(0.0,3.5)",42
315,2,225,120.0,-297.8,0.7297,989.85601,1,41183,315,"(-7.0,5.0)",42
316,2,174,-135.0,-292.45,0.7289,634.455939,1,41357,316,"(6.0,6.0)",42
317,2,94,-535.0,-290.5,0.7282,776.820068,1,41451,317,"(0.5,-2.0)",42
318,2,94,-535.0,-294.65,0.7275,745.220067,1,41545,318,"(0.5,-2.0)",42
319,2,180,-105.0,-287.0,0.7268,687.384219,1,41725,319,"(-4.5,1.5)",42
320,2,281,400.0,-280.9,0.726,695.149734,1,42006,320,"(-1.5,-4.0)",42
321,2,107,-470.0,-280.25,0.7253,1115.097565,1,42113,321,"(-6.0,0.0)",42
322,2,280,395.0,-269.0,0.7246,641.931573,1,42393,322,"(-1.5,-4.0)",42
323,2,107,-470.0,-274.65,0.7239,703.184839,1,42500,323,"(-6.0,0.0)",42
324,2,67,-670.0,-282.35,0.7231,658.039134,1,42567,324,"(3.5,0.5)",42
325,2,106,-475.0,-279.8,0.7224,930.040976,1,42673,325,"(-6.0,0.0)",42
326,2,280,395.0,-268.55,0.7217,630.353493,1,42953,326,"(-1.5,-4.0)",42
327,2,281,400.0,-263.15,0.721,567.39528,1,43234,327,"(-1.5,-4.0)",42
328,2,177,-120.0,-255.65,0.7202,499.068184,1,43411,328,"(6.0,6.0)",42
329,2,55,-730.0,-267.0,0.7195,886.113677,1,43466,329,"(1.5,0.0)",42
330,2,94,-535.0,-266.7,0.7188,751.374121,1,43560,330,"(0.5,-2.0)",42
331,2,106,-475.0,-269.4,0.7181,707.854206,1,43666,331,"(-6.0,0.0)",42
332,2,67,-670.0,-268.8,0.7174,1015.908705,1,43733,332,"(3.5,0.5)",42
333,2,28,-865.0,-270.75,0.7167,1298.933736,1,43761,333,"(0.0,3.5)",42
334,2,280,395.0,-258.1,0.7159,741.650842,1,44041,334,"(-1.5,-4.0)",42
335,2,231,150.0,-260.55,0.7152,522.642341,1,44272,335,"(-7.0,5.0)",42
336,2,28,-865.0,-270.3,0.7145,782.062222,1,44300,336,"(0.0,3.5)",42
337,2,28,-865.0,-273.6,0.7138,286.736864,1,44328,337,"(0.0,3.5)",42
338,2,67,-670.0,-275.55,0.7131,347.577881,1,44395,338,"(3.5,0.5)",42
339,2,94,-535.0,-276.15,0.7124,272.101846,1,44489,339,"(0.5,-2.0)",42
340,2,175,-130.0,-281.55,0.7116,802.676905,1,44664,340,"(6.0,6.0)",42
341,2,175,-130.0,-281.65,0.7109,880.603902,1,44839,341,"(6.0,6.0)",42
342,2,226,125.0,-273.7,0.7102,548.238651,1,45065,342,"(-7.0,5.0)",42
343,2,28,-865.0,-281.05,0.7095,160.012553,1,45093,343,"(0.0,3.5)",42
344,2,280,395.0,-271.75,0.7088,329.051242,1,45373,344,"(-4.5,1.5)",42
345,2,94,-535.0,-281.5,0.7081,477.203546,1,45467,345,"(0.5,-2.0)",42
346,2,224,115.0,-271.7,0.7074,690.937932,1,45691,346,"(-7.0,5.0)",42
347,2,29,-860.0,-281.2,0.7067,1090.433899,1,45720,347,"(0.0,3.5)",42
348,2,281,400.0,-278.15,0.706,618.981726,1,46001,348,"(-1.5,-4.0)",42
349,2,27,-870.0,-290.85,0.7053,205.280793,1,46028,349,"(0.0,3.5)",42
350,2,67,-670.0,-296.8,0.7046,240.686726,1,46095,350,"(3.5,0.5)",42
351,2,55,-730.0,-297.4,0.7039,357.101099,1,46150,351,"(1.5,0.0)",42
352,2,280,395.0,-297.45,0.7032,628.092098,1,46430,352,"(-1.5,-4.0)",42
353,2,107,-470.0,-296.8,0.7025,243.518822,1,46537,353,"(-6.0,0.0)",42
354,2,28,-865.0,-303.0,0.7018,385.459657,1,46565,354,"(0.0,3.5)",42
355,2,107,-470.0,-302.95,0.701,314.539198,1,46672,355,"(-6.0,0.0)",42
356,2,274,365.0,-300.05,0.7003,473.254417,1,46946,356,"(-4.5,1.5)",42
357,2,55,-730.0,-300.65,0.6996,213.7922,1,47001,357,"(1.5,0.0)",42
358,2,107,-470.0,-300.0,0.6989,651.319122,1,47108,358,"(-6.0,0.0)",42
359,2,276,375.0,-294.95,0.6982,515.867194,1,47384,359,"(-4.5,1.5)",42
360,2,107,-470.0,-300.7,0.6976,281.360592,1,47491,360,"(-6.0,0.0)",42
361,2,94,-535.0,-310.1,0.6969,501.056735,1,47585,361,"(0.5,-2.0)",42
362,2,176,-125.0,-306.0,0.6962,462.813446,1,47761,362,"(6.0,6.0)",42
363,2,93,-540.0,-310.1,0.6955,952.372343,1,47854,363,"(0.5,-2.0)",42
364,2,176,-125.0,-305.95,0.6948,986.281503,1,48030,364,"(6.0,6.0)",42
365,2,107,-470.0,-311.35,0.6941,497.522674,1,48137,365,"(-6.0,0.0)",42
366,2,28,-865.0,-321.05,0.6934,280.343492,1,48165,366,"(0.0,3.5)",42
367,2,235,170.0,-320.5,0.6927,457.831364,1,48400,367,"(-7.0,5.0)",42
368,2,107,-470.0,-329.15,0.692,278.571664,1,48507,368,"(-6.0,0.0)",42
369,2,28,-865.0,-329.1,0.6913,221.873416,1,48535,369,"(0.0,3.5)",42
370,2,280,395.0,-316.5,0.6906,660.40306,1,48815,370,"(-1.5,-4.0)",42
371,2,175,-130.0,-321.75,0.6899,387.278331,1,48990,371,"(6.0,6.0)",42
372,2,183,-90.0,-323.8,0.6892,596.623963,1,49173,372,"(-4.5,1.5)",42
373,2,279,390.0,-318.6,0.6885,387.201474,1,49452,373,"(-1.5,-4.0)",42
374,2,106,-475.0,-318.0,0.6878,352.240164,1,49558,374,"(-6.0,0.0)",42
375,2,55,-730.0,-329.2,0.6872,211.286125,1,49613,375,"(1.5,0.0)",42
376,2,228,135.0,-319.2,0.6865,428.642975,1,49841,376,"(-7.0,5.0)",42
377,2,226,125.0,-313.2,0.6858,409.585536,1,50067,377,"(-7.0,5.0)",42
378,2,106,-475.0,-316.2,0.6851,755.967332,1,50173,378,"(-6.0,0.0)",42
379,2,279,390.0,-305.6,0.6844,440.352614,1,50452,379,"(-1.5,-4.0)",42
380,2,271,350.0,-294.8,0.6837,338.26038,1,50723,380,"(-4.5,1.5)",42
381,2,106,-475.0,-290.85,0.683,329.408087,1,50829,381,"(-6.0,0.0)",42
382,2,28,-865.0,-298.25,0.6824,371.963564,1,50857,382,"(0.0,3.5)",42
383,2,94,-535.0,-296.3,0.6817,270.297502,1,50951,383,"(0.5,-2.0)",42
384,2,274,365.0,-284.0,0.681,307.088539,1,51225,384,"(-4.5,1.5)",42
385,2,67,-670.0,-289.15,0.6803,536.419762,1,51292,385,"(3.5,0.5)",42
386,2,28,-865.0,-296.4,0.6796,294.463227,1,51320,386,"(0.0,3.5)",42
387,2,55,-730.0,-298.35,0.679,436.058541,1,51375,387,"(1.5,0.0)",42
388,2,175,-130.0,-300.55,0.6783,271.327336,1,51550,388,"(6.0,6.0)",42
389,2,55,-730.0,-306.55,0.6776,208.686406,1,51605,389,"(1.5,0.0)",42
390,2,67,-670.0,-308.55,0.6769,260.667182,1,51672,390,"(3.5,0.5)",42
391,2,94,-535.0,-314.85,0.6762,269.815606,1,51766,391,"(0.5,-2.0)",42
392,2,177,-120.0,-308.75,0.6756,517.816899,1,51943,392,"(6.0,6.0)",42
393,2,234,165.0,-304.65,0.6749,296.626511,1,52177,393,"(-7.0,5.0)",42
394,2,224,115.0,-298.75,0.6742,529.468414,1,52401,394,"(-7.0,5.0)",42
395,2,106,-475.0,-298.1,0.6735,235.163203,1,52507,395,"(-6.0,0.0)",42
396,2,280,395.0,-292.8,0.6729,551.176027,1,52787,396,"(-1.5,-4.0)",42
397,2,67,-670.0,-294.8,0.6722,243.271997,1,52854,397,"(3.5,0.5)",42
398,2,55,-730.0,-300.8,0.6715,744.28765,1,52909,398,"(1.5,0.0)",42
399,2,55,-730.0,-299.4,0.6709,326.56497,1,52964,399,"(1.5,0.0)",42
400,2,28,-865.0,-306.75,0.6702,157.042247,1,52992,400,"(0.0,3.5)",42
401,2,234,165.0,-299.75,0.6695,185.729459,1,53226,401,"(-7.0,5.0)",42
402,2,239,190.0,-292.5,0.6688,300.21572,1,53465,402,"(-7.0,5.0)",42
403,2,280,395.0,-281.85,0.6682,362.565631,1,53745,403,"(-1.5,-4.0)",42
404,2,28,-865.0,-289.25,0.6675,161.326356,1,53773,404,"(0.0,3.5)",42
405,2,55,-730.0,-287.85,0.6668,352.49203,1,53828,405,"(1.5,0.0)",42
406,2,173,-140.0,-282.55,0.6662,247.457958,1,54001,406,"(6.0,6.0)",42
407,2,55,-730.0,-288.55,0.6655,249.740075,1,54056,407,"(1.5,0.0)",42
408,2,28,-865.0,-298.1,0.6648,287.205657,1,54084,408,"(0.0,3.5)",42
409,2,226,125.0,-292.1,0.6642,169.790709,1,54310,409,"(-7.0,5.0)",42
410,2,67,-670.0,-299.95,0.6635,165.218564,1,54377,410,"(3.5,0.5)",42
411,2,94,-535.0,-309.3,0.6629,407.446134,1,54471,411,"(0.5,-2.0)",42
412,2,180,-105.0,-314.3,0.6622,236.647497,1,54651,412,"(6.0,6.0)",42
413,2,94,-535.0,-314.3,0.6615,230.576895,1,54745,413,"(0.5,-2.0)",42
414,2,94,-535.0,-310.95,0.6609,503.72314,1,54839,414,"(0.5,-2.0)",42
415,2,55,-730.0,-319.45,0.6602,786.882384,1,54894,415,"(1.5,0.0)",42
416,2,107,-470.0,-322.8,0.6595,197.974402,1,55001,416,"(-6.0,0.0)",42
417,2,55,-730.0,-324.75,0.6589,1870.748429,1,55056,417,"(1.5,0.0)",42
418,2,27,-870.0,-328.1,0.6582,228.214587,1,55083,418,"(0.0,3.5)",42
419,2,264,315.0,-323.9,0.6576,306.969511,1,55347,419,"(-4.5,1.5)",42
420,2,280,395.0,-323.95,0.6569,486.793776,1,55627,420,"(-1.5,-4.0)",42
421,2,267,330.0,-315.95,0.6563,234.523279,1,55894,421,"(-4.5,1.5)",42
422,2,223,110.0,-318.8,0.6556,208.799701,1,56117,422,"(-7.0,5.0)",42
423,2,94,-535.0,-319.45,0.6549,198.79173,1,56211,423,"(0.5,-2.0)",42
424,2,232,155.0,-311.2,0.6543,185.31167,1,56443,424,"(-7.0,5.0)",42
425,2,174,-135.0,-307.8,0.6536,660.628999,1,56617,425,"(6.0,6.0)",42
426,2,55,-730.0,-319.05,0.653,212.755557,1,56672,426,"(1.5,0.0)",42
427,2,55,-730.0,-330.35,0.6523,165.313489,1,56727,427,"(1.5,0.0)",42
428,2,106,-475.0,-333.9,0.6517,324.187604,1,56833,428,"(-6.0,0.0)",42
429,2,177,-120.0,-327.8,0.651,302.005784,1,57010,429,"(6.0,6.0)",42
430,2,28,-865.0,-331.1,0.6504,171.934221,1,57038,430,"(0.0,3.5)",42
431,2,107,-470.0,-331.05,0.6497,201.91001,1,57145,431,"(-6.0,0.0)",42
432,2,280,395.0,-320.4,0.6491,643.69792,1,57425,432,"(-1.5,-4.0)",42
433,2,281,400.0,-307.75,0.6484,328.436391,1,57706,433,"(-4.5,1.5)",42
434,2,280,395.0,-307.75,0.6478,480.321921,1,57986,434,"(-1.5,-4.0)",42
435,2,28,-865.0,-317.9,0.6471,183.387364,1,58014,435,"(0.0,3.5)",42
436,2,67,-670.0,-315.95,0.6465,146.742902,1,58081,436,"(3.5,0.5)",42
437,2,107,-470.0,-312.0,0.6458,127.59079,1,58188,437,"(-6.0,0.0)",42
438,2,226,125.0,-304.05,0.6452,333.981952,1,58414,438,"(-7.0,5.0)",42
439,2,98,-515.0,-303.85,0.6445,178.541263,1,58512,439,"(-4.5,1.5)",42
440,2,67,-670.0,-309.25,0.6439,998.304725,1,58579,440,"(3.5,0.5)",42
441,2,94,-535.0,-313.3,0.6433,442.137528,1,58673,441,"(0.5,-2.0)",42
442,2,28,-865.0,-323.2,0.6426,265.438627,1,58701,442,"(0.0,3.5)",42
443,2,263,310.0,-311.45,0.642,337.613898,1,58964,443,"(-4.5,1.5)",42
444,2,55,-730.0,-322.7,0.6413,1315.65337,1,59019,444,"(1.5,0.0)",42
445,2,106,-475.0,-322.1,0.6407,966.195654,1,59125,445,"(-6.0,0.0)",42
446,2,55,-730.0,-330.55,0.64,162.592389,1,59180,446,"(1.5,0.0)",42
447,2,177,-120.0,-323.15,0.6394,451.787611,1,59357,447,"(6.0,6.0)",42
448,2,28,-865.0,-335.8,0.6388,352.140358,1,59385,448,"(0.0,3.5)",42
449,2,336,675.0,-320.35,0.6381,661.02554,1,59721,449,"(-7.0,5.0)",42
450,2,67,-670.0,-320.35,0.6375,628.5823,1,59788,450,"(3.5,0.5)",42
451,2,55,-730.0,-320.35,0.6368,329.598112,1,59843,451,"(1.5,0.0)",42
452,2,28,-865.0,-332.95,0.6362,172.564862,1,59871,452,"(0.0,3.5)",42
453,2,106,-475.0,-333.0,0.6356,459.348105,1,59977,453,"(-6.0,0.0)",42
454,2,28,-865.0,-333.0,0.6349,223.204866,1,60005,454,"(0.0,3.5)",42
455,2,94,-535.0,-333.65,0.6343,242.44813,1,60099,455,"(0.5,-2.0)",42
456,2,288,435.0,-332.95,0.6337,277.450128,1,60387,456,"(-4.5,1.5)",42
457,2,279,390.0,-321.75,0.633,393.361501,1,60666,457,"(-1.5,-4.0)",42
458,2,338,685.0,-310.2,0.6324,507.656422,1,61004,458,"(-7.0,5.0)",42
459,2,230,145.0,-312.5,0.6318,442.57317,1,61234,459,"(-7.0,5.0)",42
460,2,266,325.0,-304.55,0.6311,454.25402,1,61500,460,"(-4.5,1.5)",42
461,2,234,165.0,-297.55,0.6305,515.595503,1,61734,461,"(-7.0,5.0)",42
462,2,258,285.0,-293.45,0.6299,467.119605,1,61992,462,"(-7.0,5.0)",42
463,2,67,-670.0,-294.75,0.6292,583.125037,1,62059,463,"(3.5,0.5)",42
464,2,108,-465.0,-298.15,0.6286,180.184603,1,62167,464,"(-6.0,0.0)",42
465,2,225,120.0,-292.25,0.628,223.458509,1,62392,465,"(-7.0,5.0)",42
466,2,55,-730.0,-290.9,0.6274,241.511155,1,62447,466,"(1.5,0.0)",42
467,2,55,-730.0,-299.9,0.6267,725.606082,1,62502,467,"(1.5,0.0)",42
468,2,261,300.0,-292.2,0.6261,326.602174,1,62763,468,"(-4.5,1.5)",42
469,2,94,-535.0,-288.9,0.6255,232.270325,1,62857,469,"(0.5,-2.0)",42
470,2,94,-535.0,-298.2,0.6249,186.452144,1,62951,470,"(0.5,-2.0)",42
471,2,257,280.0,-294.1,0.6242,359.164531,1,63208,471,"(-4.5,1.5)",42
472,2,107,-470.0,-297.9,0.6236,361.60343,1,63315,472,"(-6.0,0.0)",42
473,2,175,-130.0,-303.1,0.623,347.675854,1,63490,473,"(6.0,6.0)",42
474,2,29,-860.0,-306.95,0.6224,156.648658,1,63519,474,"(0.0,3.5)",42
475,2,94,-535.0,-305.0,0.6217,267.357448,1,63613,475,"(0.5,-2.0)",42
476,2,28,-865.0,-315.0,0.6211,139.699104,1,63641,476,"(0.0,3.5)",42
477,2,67,-670.0,-322.95,0.6205,218.450001,1,63708,477,"(3.5,0.5)",42
478,2,257,280.0,-315.4,0.6199,418.582397,1,63965,478,"(-4.5,1.5)",42
479,2,28,-865.0,-327.95,0.6193,255.453551,1,63993,479,"(0.0,3.5)",42
480,2,106,-475.0,-336.2,0.6186,507.232178,1,64099,480,"(-6.0,0.0)",42
481,2,108,-465.0,-336.1,0.618,321.868368,1,64207,481,"(-6.0,0.0)",42
482,2,28,-865.0,-336.1,0.6174,1186.285376,1,64235,482,"(0.0,3.5)",42
483,2,107,-470.0,-335.45,0.6168,249.894955,1,64342,483,"(-6.0,0.0)",42
484,2,94,-535.0,-344.45,0.6162,535.11995,1,64436,484,"(0.5,-2.0)",42
485,2,176,-125.0,-339.0,0.6155,350.598854,1,64612,485,"(6.0,6.0)",42
486,2,107,-470.0,-335.05,0.6149,180.966523,1,64719,486,"(-6.0,0.0)",42
487,2,281,400.0,-323.75,0.6143,217.005878,1,65000,487,"(-1.5,-4.0)",42
488,2,340,695.0,-315.5,0.6137,369.819824,1,65340,488,"(-7.0,5.0)",42
489,2,94,-535.0,-313.55,0.6131,233.101955,1,65434,489,"(0.5,-2.0)",42
490,2,106,-475.0,-311.6,0.6125,396.406952,1,65540,490,"(6.0,6.0)",42
491,2,29,-860.0,-314.85,0.6119,277.843413,1,65569,491,"(0.0,3.5)",42
492,2,338,685.0,-306.8,0.6113,202.802297,1,65907,492,"(-7.0,5.0)",42
493,2,238,185.0,-306.6,0.6106,370.808299,1,66145,493,"(-7.0,5.0)",42
494,2,265,320.0,-304.55,0.61,306.890572,1,66410,494,"(-4.5,1.5)",42
495,2,94,-535.0,-305.15,0.6094,944.627713,1,66504,495,"(0.5,-2.0)",42
496,2,174,-135.0,-310.45,0.6088,429.662912,1,66678,496,"(6.0,6.0)",42
497,2,94,-535.0,-309.1,0.6082,179.104004,1,66772,497,"(0.5,-2.0)",42
498,2,28,-865.0,-310.45,0.6076,224.697559,1,66800,498,"(0.0,3.5)",42
499,2,289,440.0,-298.75,0.607,270.845144,1,67089,499,"(-1.5,-4.0)",42
500,2,281,400.0,-286.1,0.6064,414.846193,1,67370,500,"(-1.5,-4.0)",42
501,2,260,295.0,-284.8,0.6058,0.0,1,67630,501,"(-4.5,1.5)",42
502,2,67,-670.0,-293.4,0.6052,0.0,1,67697,502,"(3.5,0.5)",42
503,2,28,-865.0,-306.0,0.6046,0.0,1,67725,503,"(0.0,3.5)",42
504,2,108,-465.0,-302.0,0.604,0.0,1,67833,504,"(-6.0,0.0)",42
505,2,177,-120.0,-295.9,0.6034,0.0,1,68010,505,"(6.0,6.0)",42
506,2,226,125.0,-293.25,0.6027,0.0,1,68236,506,"(-7.0,5.0)",42
507,2,284,415.0,-281.8,0.6021,0.0,1,68520,507,"(-1.5,-4.0)",42
508,2,291,450.0,-268.65,0.6015,0.0,1,68811,508,"(-1.5,-4.0)",42
509,2,67,-670.0,-276.6,0.6009,0.0,1,68878,509,"(3.5,0.5)",42
510,2,55,-730.0,-277.2,0.6003,0.0,1,68933,510,"(1.5,0.0)",42
511,2,68,-665.0,-278.5,0.5997,0.0,1,69001,511,"(3.5,0.5)",42
512,2,259,290.0,-274.55,0.5991,0.0,1,69260,512,"(-4.5,1.5)",42
513,2,106,-475.0,-273.95,0.5985,0.0,1,69366,513,"(-6.0,0.0)",42
514,2,109,-460.0,-273.2,0.5979,0.0,1,69475,514,"(-6.0,0.0)",42
515,2,284,415.0,-261.75,0.5973,0.0,1,69759,515,"(-1.5,-4.0)",42
516,2,29,-860.0,-265.65,0.5967,0.0,1,69788,516,"(0.0,3.5)",42
517,2,68,-665.0,-265.0,0.5962,0.0,1,69856,517,"(3.5,0.5)",42
518,2,182,-95.0,-257.25,0.5956,0.0,1,70038,518,"(6.0,6.0)",42
519,2,181,-100.0,-261.4,0.595,0.0,1,70219,519,"(6.0,6.0)",42
520,2,284,415.0,-261.2,0.5944,0.0,1,70503,520,"(-1.5,-4.0)",42
521,2,180,-105.0,-265.55,0.5938,0.0,1,70683,521,"(6.0,6.0)",42
522,2,56,-725.0,-273.9,0.5932,0.0,1,70739,522,"(1.5,0.0)",42
523,2,340,695.0,-261.6,0.5926,0.0,1,71079,523,"(-7.0,5.0)",42
524,2,67,-670.0,-269.85,0.592,0.0,1,71146,524,"(3.5,0.5)",42
525,2,28,-865.0,-277.15,0.5914,0.0,1,71174,525,"(0.0,3.5)",42
526,2,67,-670.0,-276.55,0.5908,0.0,1,71241,526,"(3.5,0.5)",42
527,2,29,-860.0,-277.85,0.5902,0.0,1,71270,527,"(0.0,3.5)",42
528,2,234,165.0,-271.45,0.5896,0.0,1,71504,528,"(-7.0,5.0)",42
529,2,55,-730.0,-277.55,0.589,0.0,1,71559,529,"(1.5,0.0)",42
530,2,264,315.0,-265.75,0.5884,0.0,1,71823,530,"(-4.5,1.5)",42
531,2,68,-665.0,-267.7,0.5879,0.0,1,71891,531,"(3.5,0.5)",42
532,2,55,-730.0,-278.95,0.5873,0.0,1,71946,532,"(1.5,0.0)",42
533,2,338,685.0,-276.1,0.5867,0.0,1,72284,533,"(-7.0,5.0)",42
534,2,281,400.0,-276.05,0.5861,253.152917,1,72565,534,"(-1.5,-4.0)",42
535,2,28,-865.0,-276.05,0.5855,703.428801,1,72593,535,"(0.0,3.5)",42
536,2,268,335.0,-266.0,0.5849,416.070948,1,72861,536,"(-4.5,1.5)",42
537,2,178,-115.0,-262.45,0.5843,441.949746,1,73039,537,"(6.0,6.0)",42
538,2,55,-730.0,-271.0,0.5838,501.183984,1,73094,538,"(1.5,0.0)",42
539,2,283,410.0,-261.75,0.5832,409.977599,1,73377,539,"(-1.5,-4.0)",42
540,2,94,-535.0,-260.4,0.5826,256.163405,1,73471,540,"(0.5,-2.0)",42
541,2,338,685.0,-248.2,0.582,360.363407,1,73809,541,"(-7.0,5.0)",42
542,2,256,275.0,-236.8,0.5814,250.88481,1,74065,542,"(-4.5,1.5)",42
543,2,94,-535.0,-245.25,0.5808,454.11337,1,74159,543,"(0.5,-2.0)",42
544,2,174,-135.0,-239.3,0.5803,298.234384,1,74333,544,"(6.0,6.0)",42
545,2,29,-860.0,-243.15,0.5797,716.023872,1,74362,545,"(0.0,3.5)",42
546,2,177,-120.0,-237.05,0.5791,389.27198,1,74539,546,"(6.0,6.0)",42
547,2,67,-670.0,-242.55,0.5785,296.879042,1,74606,547,"(3.5,0.5)",42
548,2,106,-475.0,-238.65,0.5779,344.12445,1,74712,548,"(-6.0,0.0)",42
549,2,106,-475.0,-250.15,0.5774,356.550091,1,74818,549,"(-6.0,0.0)",42
550,2,106,-475.0,-248.2,0.5768,173.983273,1,74924,550,"(-6.0,0.0)",42
551,2,106,-475.0,-245.65,0.5762,381.529746,1,75030,551,"(-6.0,0.0)",42
552,2,339,690.0,-230.1,0.5756,286.943687,1,75369,552,"(-7.0,5.0)",42
553,2,457,1280.0,-212.55,0.5751,287.606166,1,75826,553,"(-1.5,-4.0)",42
554,2,55,-730.0,-211.2,0.5745,295.439555,1,75881,554,"(1.5,0.0)",42
555,2,474,1365.0,-192.2,0.5739,252.608101,1,76355,555,"(-1.5,-4.0)",42
556,2,55,-730.0,-203.85,0.5733,242.598058,1,76410,556,"(1.5,0.0)",42
557,2,28,-865.0,-216.4,0.5728,409.230225,1,76438,557,"(0.0,3.5)",42
558,2,55,-730.0,-230.55,0.5722,242.108071,1,76493,558,"(1.5,0.0)",42
559,2,28,-865.0,-240.65,0.5716,295.404036,1,76521,559,"(0.0,3.5)",42
560,2,94,-535.0,-249.25,0.571,256.948734,1,76615,560,"(0.5,-2.0)",42
561,2,179,-110.0,-252.0,0.5705,310.341368,1,76794,561,"(6.0,6.0)",42
562,2,107,-470.0,-259.55,0.5699,299.880248,1,76901,562,"(-6.0,0.0)",42
563,2,455,1270.0,-240.15,0.5693,265.427701,1,77356,563,"(-1.5,-4.0)",42
564,2,459,1290.0,-222.6,0.5688,303.032851,1,77815,564,"(-1.5,-4.0)",42
565,2,28,-865.0,-232.45,0.5682,278.566536,1,77843,565,"(0.0,3.5)",42
566,2,455,1270.0,-212.45,0.5676,214.687542,1,78298,566,"(-1.5,-4.0)",42
567,2,28,-865.0,-213.8,0.5671,264.412552,1,78326,567,"(0.0,3.5)",42
568,2,177,-120.0,-218.0,0.5665,195.108102,1,78503,568,"(6.0,6.0)",42
569,2,28,-865.0,-221.3,0.5659,211.025031,1,78531,569,"(0.0,3.5)",42
570,2,67,-670.0,-222.65,0.5654,225.529301,1,78598,570,"(3.5,0.5)",42
571,2,180,-105.0,-226.5,0.5648,248.723638,1,78778,571,"(6.0,6.0)",42
572,2,266,325.0,-218.55,0.5642,275.476478,1,79044,572,"(-4.5,1.5)",42
573,2,340,695.0,-210.3,0.5637,259.003445,1,79384,573,"(-7.0,5.0)",42
574,2,94,-535.0,-207.05,0.5631,223.818125,1,79478,574,"(0.5,-2.0)",42
575,2,106,-475.0,-206.45,0.5625,251.584495,1,79584,575,"(-6.0,0.0)",42
576,2,177,-120.0,-199.0,0.562,235.92292,1,79761,576,"(6.0,6.0)",42
577,2,106,-475.0,-197.05,0.5614,228.770941,1,79867,577,"(-6.0,0.0)",42
578,2,456,1275.0,-187.1,0.5609,218.364929,1,80323,578,"(-1.5,-4.0)",42
579,2,106,-475.0,-183.2,0.5603,288.899264,1,80429,579,"(-6.0,0.0)",42
580,2,262,305.0,-175.4,0.5597,215.975712,1,80691,580,"(-4.5,1.5)",42
581,2,178,-115.0,-171.9,0.5592,276.670275,1,80869,581,"(6.0,6.0)",42
582,2,55,-730.0,-170.55,0.5586,305.984759,1,80924,582,"(1.5,0.0)",42
583,2,106,-475.0,-170.6,0.5581,191.525286,1,81030,583,"(-6.0,0.0)",42
584,2,338,685.0,-158.4,0.5575,250.066954,1,81368,584,"(-7.0,5.0)",42
585,2,339,690.0,-150.25,0.5569,245.487087,1,81707,585,"(-7.0,5.0)",42
586,2,469,1340.0,-132.15,0.5564,223.02762,1,82176,586,"(-1.5,-4.0)",42
587,2,178,-115.0,-137.3,0.5558,234.487508,1,82354,587,"(6.0,6.0)",42
588,2,260,295.0,-141.3,0.5553,237.340715,1,82614,588,"(-4.5,1.5)",42
589,2,473,1360.0,-122.35,0.5547,221.054911,1,83087,589,"(-1.5,-4.0)",42
590,2,175,-130.0,-118.9,0.5542,210.612947,1,83262,590,"(6.0,6.0)",42
591,2,174,-135.0,-111.65,0.5536,205.26593,1,83436,591,"(6.0,6.0)",42
592,2,94,-535.0,-123.85,0.5531,250.466999,1,83530,592,"(0.5,-2.0)",42
593,2,28,-865.0,-134.35,0.5525,164.69253,1,83558,593,"(0.0,3.5)",42
594,2,263,310.0,-134.45,0.552,201.337957,1,83821,594,"(-4.5,1.5)",42
595,2,55,-730.0,-136.4,0.5514,191.695091,1,83876,595,"(1.5,0.0)",42
596,2,94,-535.0,-140.4,0.5508,218.562852,1,83970,596,"(0.5,-2.0)",42
597,2,94,-535.0,-140.4,0.5503,175.383394,1,84064,597,"(0.5,-2.0)",42
598,2,94,-535.0,-137.1,0.5497,199.17195,1,84158,598,"(0.5,-2.0)",42
599,2,475,1370.0,-127.8,0.5492,196.063814,1,84633,599,"(-1.5,-4.0)",42
600,2,106,-475.0,-136.55,0.5486,200.002516,1,84739,600,"(-6.0,0.0)",42
601,2,28,-865.0,-148.15,0.5481,178.394739,1,84767,601,"(0.0,3.5)",42
602,2,339,690.0,-134.55,0.5476,192.874042,1,85106,602,"(-7.0,5.0)",42
603,2,258,285.0,-123.05,0.547,247.481714,1,85364,603,"(-4.5,1.5)",42
604,2,339,690.0,-111.5,0.5465,197.184197,1,85703,604,"(-7.0,5.0)",42
605,2,261,300.0,-107.3,0.5459,195.372568,1,85964,605,"(-4.5,1.5)",42
606,2,94,-535.0,-113.9,0.5454,210.356549,1,86058,606,"(0.5,-2.0)",42
607,2,55,-730.0,-125.35,0.5448,250.373951,1,86113,607,"(1.5,0.0)",42
608,2,174,-135.0,-131.2,0.5443,211.54471,1,86287,608,"(6.0,6.0)",42
609,2,177,-120.0,-125.7,0.5437,202.43666,1,86464,609,"(6.0,6.0)",42
610,2,67,-670.0,-125.1,0.5432,220.086023,1,86531,610,"(3.5,0.5)",42
611,2,28,-865.0,-127.1,0.5426,202.06726,1,86559,611,"(0.0,3.5)",42
612,2,29,-860.0,-138.6,0.5421,145.993024,1,86588,612,"(0.0,3.5)",42
613,2,106,-475.0,-138.6,0.5416,206.613336,1,86694,613,"(-6.0,0.0)",42
614,2,175,-130.0,-135.3,0.541,158.53631,1,86869,614,"(6.0,6.0)",42
615,2,55,-730.0,-146.75,0.5405,202.951889,1,86924,615,"(1.5,0.0)",42
616,2,67,-670.0,-144.85,0.5399,195.514488,1,86991,616,"(3.5,0.5)",42
617,2,97,-520.0,-143.4,0.5394,214.864012,1,87088,617,"(-4.5,1.5)",42
618,2,341,700.0,-135.45,0.5389,183.702357,1,87429,618,"(-7.0,5.0)",42
619,2,280,395.0,-130.5,0.5383,210.212396,1,87709,619,"(-4.5,1.5)",42
620,2,106,-475.0,-139.4,0.5378,174.273182,1,87815,620,"(-6.0,0.0)",42
621,2,55,-730.0,-145.65,0.5372,187.960014,1,87870,621,"(1.5,0.0)",42
622,2,67,-670.0,-145.1,0.5367,178.378482,1,87937,622,"(3.5,0.5)",42
623,2,268,335.0,-148.7,0.5362,392.10932,1,88205,623,"(-4.5,1.5)",42
624,2,340,695.0,-135.05,0.5356,159.848872,1,88545,624,"(-7.0,5.0)",42
625,2,178,-115.0,-127.55,0.5351,179.01327,1,88723,625,"(6.0,6.0)",42
626,2,186,-75.0,-121.6,0.5346,173.648977,1,88909,626,"(6.0,6.0)",42
627,2,456,1275.0,-100.25,0.534,255.486364,1,89365,627,"(-1.5,-4.0)",42
628,2,339,690.0,-95.0,0.5335,177.250188,1,89704,628,"(-7.0,5.0)",42
629,2,339,690.0,-80.8,0.533,480.350391,1,90043,629,"(-7.0,5.0)",42
630,2,68,-665.0,-90.6,0.5324,209.346858,1,90111,630,"(3.5,0.5)",42
631,2,68,-665.0,-90.6,0.5319,191.89382,1,90179,631,"(3.5,0.5)",42
632,2,471,1350.0,-69.8,0.5314,284.449943,1,90650,632,"(-1.5,-4.0)",42
633,2,150,-255.0,-79.2,0.5308,367.827014,1,90800,633,"(-7.0,5.0)",42
634,2,56,-725.0,-90.45,0.5303,216.671701,1,90856,634,"(1.5,0.0)",42
635,2,67,-670.0,-88.5,0.5298,703.107456,1,90923,635,"(3.5,0.5)",42
636,2,106,-475.0,-96.6,0.5292,487.086661,1,91029,636,"(-6.0,0.0)",42
637,2,106,-475.0,-100.2,0.5287,721.919077,1,91135,637,"(-6.0,0.0)",42
638,2,28,-865.0,-101.55,0.5282,277.274177,1,91163,638,"(0.0,3.5)",42
639,2,28,-865.0,-114.3,0.5277,138.873793,1,91191,639,"(0.0,3.5)",42
640,2,339,690.0,-102.05,0.5271,282.317284,1,91530,640,"(-7.0,5.0)",42
641,2,99,-510.0,-114.0,0.5266,202.618107,1,91629,641,"(-4.5,1.5)",42
642,2,55,-730.0,-124.05,0.5261,194.380967,1,91684,642,"(1.5,0.0)",42
643,2,28,-865.0,-127.35,0.5255,1377.975687,1,91712,643,"(0.0,3.5)",42
644,2,55,-730.0,-133.3,0.525,178.431477,1,91767,644,"(1.5,0.0)",42
645,2,29,-860.0,-133.3,0.5245,96.997251,1,91796,645,"(0.0,3.5)",42
646,2,67,-670.0,-138.8,0.524,187.749586,1,91863,646,"(3.5,0.5)",42
647,2,28,-865.0,-140.75,0.5234,235.925105,1,91891,647,"(0.0,3.5)",42
648,2,29,-860.0,-144.6,0.5229,136.686782,1,91920,648,"(0.0,3.5)",42
649,2,29,-860.0,-148.45,0.5224,110.607785,1,91949,649,"(0.0,3.5)",42
650,2,94,-535.0,-149.05,0.5219,822.461266,1,92043,650,"(0.5,-2.0)",42
651,2,178,-115.0,-145.45,0.5214,387.864854,1,92221,651,"(6.0,6.0)",42
652,2,177,-120.0,-153.55,0.5208,363.85729,1,92398,652,"(6.0,6.0)",42
653,2,106,-475.0,-171.1,0.5203,456.023019,1,92504,653,"(-6.0,0.0)",42
654,2,29,-860.0,-172.4,0.5198,1229.771146,1,92533,654,"(0.0,3.5)",42
655,2,55,-730.0,-193.35,0.5193,742.650599,1,92588,655,"(1.5,0.0)",42
656,2,248,235.0,-183.7,0.5188,208.819775,1,92836,656,"(6.0,6.0)",42
657,2,28,-865.0,-183.7,0.5182,159.870551,1,92864,657,"(0.0,3.5)",42
658,2,458,1285.0,-163.55,0.5177,376.005946,1,93322,658,"(-1.5,-4.0)",42
659,2,470,1345.0,-141.45,0.5172,346.125163,1,93792,659,"(-1.5,-4.0)",42
660,2,106,-475.0,-140.85,0.5167,624.266613,1,93898,660,"(-6.0,0.0)",42
661,2,186,-75.0,-140.5,0.5162,449.261514,1,94084,661,"(6.0,6.0)",42
662,2,470,1345.0,-122.35,0.5156,393.764536,1,94554,662,"(-1.5,-4.0)",42
663,2,94,-535.0,-140.4,0.5151,157.236254,1,94648,663,"(0.5,-2.0)",42
664,2,29,-860.0,-161.9,0.5146,105.739984,1,94677,664,"(0.0,3.5)",42
665,2,180,-105.0,-154.3,0.5141,420.592468,1,94857,665,"(6.0,6.0)",42
666,2,94,-535.0,-172.35,0.5136,1113.177633,1,94951,666,"(0.5,-2.0)",42
667,2,28,-865.0,-172.35,0.5131,237.163331,1,94979,667,"(0.0,3.5)",42
668,2,94,-535.0,-176.5,0.5126,865.436268,1,95073,668,"(0.5,-2.0)",42
669,2,56,-725.0,-175.1,0.512,177.537027,1,95129,669,"(1.5,0.0)",42
670,2,55,-730.0,-175.7,0.5115,154.782559,1,95184,670,"(1.5,0.0)",42
671,2,94,-535.0,-180.0,0.511,820.085913,1,95278,671,"(0.5,-2.0)",42
672,2,67,-670.0,-189.95,0.5105,806.713149,1,95345,672,"(3.5,0.5)",42
673,2,106,-475.0,-201.65,0.51,125.164285,1,95451,673,"(-6.0,0.0)",42
674,2,473,1360.0,-182.7,0.5095,583.64874,1,95924,674,"(-1.5,-4.0)",42
675,2,55,-730.0,-185.25,0.509,172.07177,1,95979,675,"(1.5,0.0)",42
676,2,28,-865.0,-192.7,0.5085,1009.85742,1,96007,676,"(0.0,3.5)",42
677,2,106,-475.0,-192.7,0.508,562.982963,1,96113,677,"(-6.0,0.0)",42
678,2,106,-475.0,-210.2,0.5075,440.987167,1,96219,678,"(-6.0,0.0)",42
679,2,106,-475.0,-210.2,0.507,437.152819,1,96325,679,"(-6.0,0.0)",42
680,2,186,-75.0,-214.0,0.5064,464.19886,1,96511,680,"(6.0,6.0)",42
681,2,94,-535.0,-218.2,0.5059,199.359856,1,96605,681,"(0.5,-2.0)",42
682,2,106,-475.0,-215.65,0.5054,577.743448,1,96711,682,"(-6.0,0.0)",42
683,2,477,1380.0,-197.1,0.5049,618.07898,1,97188,683,"(-1.5,-4.0)",42
684,2,302,505.0,-198.9,0.5044,390.921233,1,97490,684,"(6.0,6.0)",42
685,2,94,-535.0,-211.15,0.5039,450.898424,1,97584,685,"(0.5,-2.0)",42
686,2,463,1310.0,-211.45,0.5034,711.846387,1,98047,686,"(-1.5,-4.0)",42
687,2,290,445.0,-205.85,0.5029,478.64238,1,98337,687,"(-4.5,1.5)",42
688,2,466,1325.0,-195.55,0.5024,493.069019,1,98803,688,"(-1.5,-4.0)",42
689,2,28,-865.0,-217.8,0.5019,1185.283285,1,98831,689,"(0.0,3.5)",42
690,2,194,-35.0,-216.85,0.5014,757.50587,1,99025,690,"(6.0,6.0)",42
691,2,67,-670.0,-222.2,0.5009,267.627905,1,99092,691,"(3.5,0.5)",42
692,2,106,-475.0,-221.6,0.5004,1073.646124,1,99198,692,"(-6.0,0.0)",42
693,2,178,-115.0,-214.1,0.4999,627.14611,1,99376,693,"(6.0,6.0)",42
694,2,340,695.0,-210.25,0.4994,430.035515,1,99716,694,"(-7.0,5.0)",42
695,2,106,-475.0,-207.7,0.4989,507.640384,1,99822,695,"(-6.0,0.0)",42
696,2,94,-535.0,-207.7,0.4984,214.084391,1,99916,696,"(0.5,-2.0)",42
697,2,269,340.0,-198.95,0.4979,602.53545,1,100185,697,"(-4.5,1.5)",42
698,2,471,1350.0,-180.1,0.4974,755.596129,1,100656,698,"(-1.5,-4.0)",42
699,2,176,-125.0,-195.05,0.4969,896.697611,1,100832,699,"(6.0,6.0)",42
700,2,68,-665.0,-196.95,0.4964,690.92734,1,100900,700,"(3.5,0.5)",42
701,2,29,-860.0,-196.9,0.4959,1386.295112,1,100929,701,"(0.0,3.5)",42
702,2,295,470.0,-199.1,0.4954,517.231644,1,101224,702,"(-4.5,1.5)",42
703,2,68,-665.0,-208.6,0.4949,475.645814,1,101292,703,"(3.5,0.5)",42
704,2,56,-725.0,-222.75,0.4944,409.070632,1,101348,704,"(1.5,0.0)",42
705,2,236,175.0,-224.0,0.4939,475.992066,1,101584,705,"(-7.0,5.0)",42
706,2,68,-665.0,-225.3,0.4934,879.880664,1,101652,706,"(3.5,0.5)",42
707,2,55,-730.0,-225.3,0.4929,161.092057,1,101707,707,"(1.5,0.0)",42
708,2,475,1370.0,-210.25,0.4925,607.286853,1,102182,708,"(-1.5,-4.0)",42
709,2,67,-670.0,-215.75,0.492,236.698958,1,102249,709,"(3.5,0.5)",42
710,2,55,-730.0,-216.35,0.4915,668.496351,1,102304,710,"(1.5,0.0)",42
711,2,387,930.0,-198.4,0.491,328.183339,1,102691,711,"(6.0,6.0)",42
712,2,341,700.0,-182.8,0.4905,411.19374,1,103032,712,"(-7.0,5.0)",42
713,2,67,-670.0,-184.75,0.49,1498.503804,1,103099,713,"(3.5,0.5)",42
714,2,68,-665.0,-190.1,0.4895,768.368072,1,103167,714,"(3.5,0.5)",42
715,2,186,-75.0,-183.55,0.489,588.325909,1,103353,715,"(6.0,6.0)",42
716,2,340,695.0,-169.9,0.4885,335.951764,1,103693,716,"(-7.0,5.0)",42
717,2,67,-670.0,-171.4,0.488,817.982589,1,103760,717,"(3.5,0.5)",42
718,2,107,-470.0,-183.1,0.4876,157.381429,1,103867,718,"(-6.0,0.0)",42
719,2,55,-730.0,-194.35,0.4871,1584.431837,1,103922,719,"(1.5,0.0)",42
720,2,29,-860.0,-198.2,0.4866,544.456736,1,103951,720,"(0.0,3.5)",42
721,2,473,1360.0,-177.3,0.4861,756.007232,1,104424,721,"(-1.5,-4.0)",42
722,2,28,-865.0,-179.25,0.4856,330.319653,1,104452,722,"(0.0,3.5)",42
723,2,68,-665.0,-189.25,0.4851,221.90526,1,104520,723,"(3.5,0.5)",42
724,2,55,-730.0,-203.5,0.4846,402.71542,1,104575,724,"(1.5,0.0)",42
725,2,106,-475.0,-207.1,0.4841,459.035424,1,104681,725,"(-6.0,0.0)",42
726,2,338,685.0,-199.5,0.4837,604.105911,1,105019,726,"(-7.0,5.0)",42
727,2,28,-865.0,-220.9,0.4832,1510.947848,1,105047,727,"(0.0,3.5)",42
728,2,68,-665.0,-234.45,0.4827,248.633821,1,105115,728,"(3.5,0.5)",42
729,2,179,-110.0,-242.45,0.4822,528.383753,1,105294,729,"(6.0,6.0)",42
730,2,55,-730.0,-243.1,0.4817,906.587676,1,105349,730,"(1.5,0.0)",42
731,2,293,460.0,-231.85,0.4813,738.091474,1,105642,731,"(-4.5,1.5)",42
732,2,28,-865.0,-254.0,0.4808,1566.1036,1,105670,732,"(0.0,3.5)",42
733,2,185,-80.0,-252.25,0.4803,805.109569,1,105855,733,"(6.0,6.0)",42
734,2,67,-670.0,-251.7,0.4798,288.118062,1,105922,734,"(3.5,0.5)",42
735,2,264,315.0,-241.85,0.4793,657.404116,1,106186,735,"(-4.5,1.5)",42
736,2,271,350.0,-233.6,0.4788,815.358275,1,106457,736,"(-4.5,1.5)",42
737,2,179,-110.0,-229.95,0.4784,384.84593,1,106636,737,"(6.0,6.0)",42
738,2,340,695.0,-214.35,0.4779,630.68128,1,106976,738,"(-7.0,5.0)",42
739,2,107,-470.0,-210.4,0.4774,643.191987,1,107083,739,"(-6.0,0.0)",42
740,2,94,-535.0,-222.65,0.4769,910.980433,1,107177,740,"(0.5,-2.0)",42
741,2,28,-865.0,-226.2,0.4765,551.096256,1,107205,741,"(0.0,3.5)",42
742,2,466,1325.0,-205.65,0.476,508.198139,1,107671,742,"(-1.5,-4.0)",42
743,2,469,1340.0,-183.6,0.4755,342.217403,1,108140,743,"(-1.5,-4.0)",42
744,2,94,-535.0,-181.65,0.475,309.348791,1,108234,744,"(0.5,-2.0)",42
745,2,94,-535.0,-178.4,0.4746,322.539921,1,108328,745,"(0.5,-2.0)",42
746,2,68,-665.0,-178.35,0.4741,239.979743,1,108396,746,"(3.5,0.5)",42
747,2,67,-670.0,-176.4,0.4736,189.043764,1,108463,747,"(3.5,0.5)",42
748,2,107,-470.0,-172.5,0.4731,166.685837,1,108570,748,"(-6.0,0.0)",42
749,2,68,-665.0,-170.55,0.4727,806.316702,1,108638,749,"(3.5,0.5)",42
750,2,107,-470.0,-169.9,0.4722,832.025354,1,108745,750,"(-6.0,0.0)",42
751,2,106,-475.0,-173.5,0.4717,509.408645,1,108851,751,"(-6.0,0.0)",42
752,2,297,480.0,-167.5,0.4712,419.850219,1,109148,752,"(-4.5,1.5)",42
753,2,107,-470.0,-167.45,0.4708,481.402509,1,109255,753,"(-6.0,0.0)",42
754,2,94,-535.0,-164.2,0.4703,195.455912,1,109349,754,"(0.5,-2.0)",42
755,2,278,385.0,-153.05,0.4698,303.059359,1,109627,755,"(-4.5,1.5)",42
756,2,67,-670.0,-162.1,0.4694,518.354707,1,109694,756,"(3.5,0.5)",42
757,2,106,-475.0,-158.2,0.4689,207.332465,1,109800,757,"(-6.0,0.0)",42
758,2,29,-860.0,-179.65,0.4684,1227.20364,1,109829,758,"(0.0,3.5)",42
759,2,94,-535.0,-198.45,0.468,986.824464,1,109923,759,"(0.5,-2.0)",42
760,2,190,-55.0,-194.25,0.4675,1107.30115,1,110113,760,"(6.0,6.0)",42
761,2,255,270.0,-190.8,0.467,262.813472,1,110368,761,"(-7.0,5.0)",42
762,2,274,365.0,-200.6,0.4666,634.970338,1,110642,762,"(-4.5,1.5)",42
763,2,94,-535.0,-200.6,0.4661,167.321934,1,110736,763,"(0.5,-2.0)",42
764,2,106,-475.0,-196.75,0.4656,314.135377,1,110842,764,"(-6.0,0.0)",42
765,2,56,-725.0,-202.95,0.4652,480.201676,1,110898,765,"(1.5,0.0)",42
766,2,107,-470.0,-202.3,0.4647,202.240637,1,111005,766,"(-6.0,0.0)",42
767,2,340,695.0,-186.7,0.4642,764.642402,1,111345,767,"(-7.0,5.0)",42
768,2,473,1360.0,-167.75,0.4638,368.112424,1,111818,768,"(-1.5,-4.0)",42
769,2,339,690.0,-153.6,0.4633,682.571544,1,112157,769,"(-7.0,5.0)",42
770,2,55,-730.0,-153.6,0.4628,902.741255,1,112212,770,"(1.5,0.0)",42
771,2,69,-660.0,-154.85,0.4624,713.909073,1,112281,771,"(3.5,0.5)",42
772,2,473,1360.0,-134.55,0.4619,458.430461,1,112754,772,"(-1.5,-4.0)",42
773,2,339,690.0,-122.9,0.4614,817.963116,1,113093,773,"(-7.0,5.0)",42
774,2,55,-730.0,-143.8,0.461,770.657513,1,113148,774,"(1.5,0.0)",42
775,2,106,-475.0,-141.25,0.4605,201.717591,1,113254,775,"(-6.0,0.0)",42
776,2,94,-535.0,-137.95,0.4601,1088.804716,1,113348,776,"(0.5,-2.0)",42
777,2,56,-725.0,-140.45,0.4596,702.240573,1,113404,777,"(1.5,0.0)",42
778,2,68,-665.0,-142.35,0.4591,220.639818,1,113472,778,"(3.5,0.5)",42
779,2,68,-665.0,-144.25,0.4587,600.801485,1,113540,779,"(3.5,0.5)",42
780,2,386,925.0,-134.25,0.4582,420.979491,1,113926,780,"(6.0,6.0)",42
781,2,185,-80.0,-129.7,0.4578,407.358479,1,114111,781,"(6.0,6.0)",42
782,2,106,-475.0,-129.7,0.4573,753.810097,1,114217,782,"(-6.0,0.0)",42
783,2,28,-865.0,-152.15,0.4569,198.918718,1,114245,783,"(0.0,3.5)",42
784,2,300,495.0,-152.25,0.4564,548.695359,1,114545,784,"(-4.5,1.5)",42
785,2,473,1360.0,-133.3,0.4559,738.975054,1,115018,785,"(-1.5,-4.0)",42
786,2,56,-725.0,-153.65,0.4555,1145.087137,1,115074,786,"(1.5,0.0)",42
787,2,28,-865.0,-166.75,0.455,1201.883261,1,115102,787,"(0.0,3.5)",42
788,2,341,700.0,-173.0,0.4546,716.926594,1,115443,788,"(-7.0,5.0)",42
789,2,338,685.0,-157.5,0.4541,537.990329,1,115781,789,"(-7.0,5.0)",42
790,2,94,-535.0,-162.5,0.4537,259.807267,1,115875,790,"(0.5,-2.0)",42
791,2,94,-535.0,-161.15,0.4532,274.437543,1,115969,791,"(0.5,-2.0)",42
792,2,28,-865.0,-165.05,0.4528,215.780979,1,115997,792,"(0.0,3.5)",42
793,2,475,1370.0,-150.2,0.4523,627.979864,1,116472,793,"(-1.5,-4.0)",42
794,2,300,495.0,-152.2,0.4519,900.864862,1,116772,794,"(-4.5,1.5)",42
795,2,55,-730.0,-154.75,0.4514,1212.708086,1,116827,795,"(1.5,0.0)",42
796,2,27,-870.0,-158.1,0.451,159.252209,1,116854,796,"(0.0,3.5)",42
797,2,340,695.0,-154.55,0.4505,476.436908,1,117194,797,"(-7.0,5.0)",42
798,2,106,-475.0,-172.8,0.45,518.792028,1,117300,798,"(-6.0,0.0)",42
799,2,469,1340.0,-158.15,0.4496,464.382564,1,117769,799,"(-1.5,-4.0)",42
800,2,106,-475.0,-156.25,0.4491,970.846954,1,117875,800,"(-6.0,0.0)",42
801,2,106,-475.0,-152.4,0.4487,228.705675,1,117981,801,"(-6.0,0.0)",42
802,2,179,-110.0,-158.2,0.4483,598.282409,1,118160,802,"(6.0,6.0)",42
803,2,55,-730.0,-158.85,0.4478,252.372364,1,118215,803,"(1.5,0.0)",42
804,2,28,-865.0,-160.25,0.4474,601.622887,1,118243,804,"(0.0,3.5)",42
805,2,283,410.0,-157.9,0.4469,249.626735,1,118526,805,"(6.0,6.0)",42
806,2,181,-100.0,-152.25,0.4465,500.799451,1,118707,806,"(6.0,6.0)",42
807,2,68,-665.0,-151.6,0.446,488.717837,1,118775,807,"(3.5,0.5)",42
808,2,106,-475.0,-170.05,0.4456,286.524163,1,118881,808,"(-6.0,0.0)",42
809,2,295,470.0,-158.65,0.4451,272.888568,1,119176,809,"(6.0,6.0)",42
810,2,28,-865.0,-160.0,0.4447,1234.691686,1,119204,810,"(0.0,3.5)",42
811,2,68,-665.0,-175.95,0.4442,647.444989,1,119272,811,"(3.5,0.5)",42
812,2,28,-865.0,-191.6,0.4438,593.247144,1,119300,812,"(0.0,3.5)",42
813,2,107,-470.0,-189.6,0.4433,192.47889,1,119407,813,"(-6.0,0.0)",42
814,2,28,-865.0,-191.6,0.4429,212.072908,1,119435,814,"(0.0,3.5)",42
815,2,463,1310.0,-177.75,0.4425,678.028311,1,119898,815,"(-1.5,-4.0)",42
816,2,183,-90.0,-185.6,0.442,491.179985,1,120081,816,"(6.0,6.0)",42
817,2,55,-730.0,-186.2,0.4416,1238.945711,1,120136,817,"(1.5,0.0)",42
818,2,291,450.0,-177.0,0.4411,462.489999,1,120427,818,"(-4.5,1.5)",42
819,2,106,-475.0,-174.45,0.4407,524.336612,1,120533,819,"(-6.0,0.0)",42
820,2,68,-665.0,-172.5,0.4403,549.897567,1,120601,820,"(3.5,0.5)",42
821,2,94,-535.0,-191.45,0.4398,574.448118,1,120695,821,"(0.5,-2.0)",42
822,2,471,1350.0,-169.3,0.4394,728.908233,1,121166,822,"(-1.5,-4.0)",42
823,2,68,-665.0,-169.3,0.4389,279.581528,1,121234,823,"(3.5,0.5)",42
824,2,55,-730.0,-169.3,0.4385,181.812938,1,121289,824,"(1.5,0.0)",42
825,2,106,-475.0,-169.3,0.4381,971.429647,1,121395,825,"(-6.0,0.0)",42
826,2,181,-100.0,-177.15,0.4376,787.618331,1,121576,826,"(6.0,6.0)",42
827,2,387,930.0,-159.2,0.4372,597.420082,1,121963,827,"(6.0,6.0)",42
828,2,280,395.0,-148.6,0.4367,483.722329,1,122243,828,"(-1.5,-4.0)",42
829,2,28,-865.0,-156.15,0.4363,668.87838,1,122271,829,"(0.0,3.5)",42
830,2,299,490.0,-143.95,0.4359,753.953741,1,122570,830,"(-4.5,1.5)",42
831,2,94,-535.0,-153.9,0.4354,230.309896,1,122664,831,"(0.5,-2.0)",42
832,2,28,-865.0,-153.9,0.435,633.779796,1,122692,832,"(0.0,3.5)",42
833,2,186,-75.0,-153.85,0.4346,423.361275,1,122878,833,"(6.0,6.0)",42
834,2,28,-865.0,-155.8,0.4341,197.519774,1,122906,834,"(0.0,3.5)",42
835,2,94,-535.0,-164.3,0.4337,209.070768,1,123000,835,"(-4.5,1.5)",42
836,2,68,-665.0,-174.45,0.4333,945.003901,1,123068,836,"(3.5,0.5)",42
837,2,290,445.0,-168.9,0.4328,990.361616,1,123358,837,"(-4.5,1.5)",42
838,2,467,1330.0,-162.55,0.4324,822.227223,1,123825,838,"(-1.5,-4.0)",42
839,2,55,-730.0,-165.15,0.432,296.524797,1,123880,839,"(1.5,0.0)",42
840,2,102,-495.0,-164.75,0.4315,502.452921,1,123982,840,"(-4.5,1.5)",42
841,2,464,1315.0,-142.95,0.4311,858.271182,1,124446,841,"(-1.5,-4.0)",42
842,2,55,-730.0,-163.5,0.4307,246.353008,1,124501,842,"(1.5,0.0)",42
843,2,115,-430.0,-181.2,0.4302,791.099892,1,124616,843,"(-4.5,1.5)",42
844,2,459,1290.0,-162.95,0.4298,805.805137,1,125075,844,"(-1.5,-4.0)",42
845,2,277,380.0,-153.8,0.4294,824.237419,1,125352,845,"(-4.5,1.5)",42
846,2,28,-865.0,-155.8,0.4289,1305.657881,1,125380,846,"(0.0,3.5)",42
847,2,338,685.0,-142.25,0.4285,1119.454119,1,125718,847,"(-7.0,5.0)",42
848,2,55,-730.0,-144.85,0.4281,1722.046036,1,125773,848,"(1.5,0.0)",42
849,2,29,-860.0,-146.8,0.4277,227.629903,1,125802,849,"(0.0,3.5)",42
850,2,464,1315.0,-128.95,0.4272,828.902593,1,126266,850,"(-1.5,-4.0)",42
851,2,68,-665.0,-130.85,0.4268,525.090269,1,126334,851,"(3.5,0.5)",42
852,2,27,-870.0,-144.35,0.4264,2228.989719,1,126361,852,"(0.0,3.5)",42
853,2,94,-535.0,-145.0,0.426,526.567127,1,126455,853,"(0.5,-2.0)",42
854,2,297,480.0,-134.85,0.4255,600.57109,1,126752,854,"(6.0,6.0)",42
855,2,289,440.0,-134.3,0.4251,656.508205,1,127041,855,"(6.0,6.0)",42
856,2,288,435.0,-123.25,0.4247,856.316619,1,127329,856,"(6.0,6.0)",42
857,2,298,485.0,-113.65,0.4243,727.666995,1,127627,857,"(-4.5,1.5)",42
858,2,281,400.0,-101.05,0.4238,610.514396,1,127908,858,"(-1.5,-4.0)",42
859,2,107,-470.0,-100.4,0.4234,980.930291,1,128015,859,"(-6.0,0.0)",42
860,2,338,685.0,-93.0,0.423,880.789662,1,128353,860,"(-7.0,5.0)",42
861,2,28,-865.0,-104.35,0.4226,362.776744,1,128381,861,"(0.0,3.5)",42
862,2,106,-475.0,-112.75,0.4221,717.649309,1,128487,862,"(-6.0,0.0)",42
863,2,28,-865.0,-116.05,0.4217,1685.560796,1,128515,863,"(0.0,3.5)",42
864,2,68,-665.0,-117.95,0.4213,1107.899117,1,128583,864,"(3.5,0.5)",42
865,2,387,930.0,-101.4,0.4209,1322.027018,1,128970,865,"(6.0,6.0)",42
866,2,55,-730.0,-104.0,0.4204,1378.029468,1,129025,866,"(1.5,0.0)",42
867,2,379,890.0,-102.05,0.42,1014.826058,1,129404,867,"(6.0,6.0)",42
868,2,296,475.0,-110.9,0.4196,863.44681,1,129700,868,"(6.0,6.0)",42
869,2,94,-535.0,-123.15,0.4192,929.023816,1,129794,869,"(0.5,-2.0)",42
870,2,94,-535.0,-121.2,0.4188,1678.188062,1,129888,870,"(0.5,-2.0)",42
871,2,28,-865.0,-123.25,0.4184,145.144588,1,129916,871,"(0.0,3.5)",42
872,2,29,-860.0,-145.45,0.4179,394.21166,1,129945,872,"(0.0,3.5)",42
873,2,291,450.0,-147.85,0.4175,1084.569789,1,130236,873,"(-4.5,1.5)",42
874,2,94,-535.0,-145.9,0.4171,1314.938253,1,130330,874,"(0.5,-2.0)",42
875,2,55,-730.0,-148.45,0.4167,782.187219,1,130385,875,"(1.5,0.0)",42
876,2,56,-725.0,-150.35,0.4163,1600.993016,1,130441,876,"(1.5,0.0)",42
877,2,280,395.0,-139.15,0.4158,1257.55443,1,130721,877,"(-1.5,-4.0)",42
878,2,106,-475.0,-137.25,0.4154,713.315752,1,130827,878,"(-6.0,0.0)",42
879,2,338,685.0,-123.75,0.415,504.405434,1,131165,879,"(-7.0,5.0)",42
880,2,389,940.0,-123.6,0.4146,1007.130471,1,131554,880,"(6.0,6.0)",42
881,2,107,-470.0,-127.5,0.4142,1481.384233,1,131661,881,"(-6.0,0.0)",42
882,2,94,-535.0,-128.1,0.4138,1211.340872,1,131755,882,"(0.5,-2.0)",42
883,2,28,-865.0,-128.1,0.4134,327.154034,1,131783,883,"(0.0,3.5)",42
884,2,467,1330.0,-119.75,0.4129,1053.339769,1,132250,884,"(-1.5,-4.0)",42
885,2,29,-860.0,-141.95,0.4125,390.355986,1,132279,885,"(0.0,3.5)",42
886,2,55,-730.0,-142.0,0.4121,192.355015,1,132334,886,"(1.5,0.0)",42
887,2,385,920.0,-124.15,0.4117,1016.949368,1,132719,887,"(6.0,6.0)",42
888,2,94,-535.0,-136.5,0.4113,1545.158996,1,132813,888,"(0.5,-2.0)",42
889,2,55,-730.0,-150.65,0.4109,812.47501,1,132868,889,"(1.5,0.0)",42
890,2,340,695.0,-138.35,0.4105,906.203726,1,133208,890,"(-7.0,5.0)",42
891,2,94,-535.0,-138.35,0.4101,1165.470594,1,133302,891,"(0.5,-2.0)",42
892,2,69,-660.0,-136.3,0.4097,1017.933956,1,133371,892,"(3.5,0.5)",42
893,2,295,470.0,-145.3,0.4092,1037.299696,1,133666,893,"(-4.5,1.5)",42
894,2,55,-730.0,-157.55,0.4088,676.711432,1,133721,894,"(1.5,0.0)",42
895,2,299,490.0,-145.35,0.4084,1048.832657,1,134020,895,"(-4.5,1.5)",42
896,2,107,-470.0,-141.35,0.408,1096.938054,1,134127,896,"(-6.0,0.0)",42
897,2,263,310.0,-145.2,0.4076,629.847063,1,134390,897,"(-4.5,1.5)",42
898,2,94,-535.0,-145.8,0.4072,345.205357,1,134484,898,"(0.5,-2.0)",42
899,2,469,1340.0,-145.8,0.4068,876.267518,1,134953,899,"(-1.5,-4.0)",42
900,2,458,1285.0,-128.2,0.4064,1012.849138,1,135411,900,"(-1.5,-4.0)",42
901,2,68,-665.0,-130.1,0.406,1078.386983,1,135479,901,"(3.5,0.5)",42
902,2,55,-730.0,-136.3,0.4056,732.19424,1,135534,902,"(1.5,0.0)",42
903,2,289,440.0,-124.6,0.4052,615.90442,1,135823,903,"(6.0,6.0)",42
904,2,106,-475.0,-120.7,0.4048,816.179074,1,135929,904,"(-6.0,0.0)",42
905,2,106,-475.0,-129.55,0.4044,239.75865,1,136035,905,"(-6.0,0.0)",42
906,2,55,-730.0,-135.85,0.404,1435.666066,1,136090,906,"(1.5,0.0)",42
907,2,69,-660.0,-135.8,0.4036,1421.411995,1,136159,907,"(3.5,0.5)",42
908,2,70,-655.0,-137.6,0.4031,1536.184677,1,136229,908,"(3.5,0.5)",42
909,2,68,-665.0,-148.95,0.4027,1597.265772,1,136297,909,"(3.5,0.5)",42
910,2,290,445.0,-135.85,0.4023,1225.092762,1,136587,910,"(6.0,6.0)",42
911,2,385,920.0,-120.0,0.4019,1165.684517,1,136972,911,"(6.0,6.0)",42
912,2,107,-470.0,-116.05,0.4015,642.086111,1,137079,912,"(-6.0,0.0)",42
913,2,70,-655.0,-117.9,0.4011,263.839679,1,137149,913,"(3.5,0.5)",42
914,2,94,-535.0,-114.6,0.4007,629.895782,1,137243,914,"(0.5,-2.0)",42
915,2,280,395.0,-123.75,0.4003,966.432068,1,137523,915,"(-1.5,-4.0)",42
916,2,339,690.0,-115.95,0.3999,859.463802,1,137862,916,"(-7.0,5.0)",42
917,2,28,-865.0,-117.3,0.3995,132.854235,1,137890,917,"(0.0,3.5)",42
918,2,289,440.0,-117.4,0.3991,1241.625949,1,138179,918,"(-4.5,1.5)",42
919,2,94,-535.0,-118.0,0.3987,1887.317108,1,138273,919,"(0.5,-2.0)",42
920,2,270,345.0,-107.9,0.3983,1172.331307,1,138543,920,"(-4.5,1.5)",42
921,2,69,-660.0,-109.15,0.3979,1119.561029,1,138612,921,"(3.5,0.5)",42
922,2,290,445.0,-118.2,0.3975,1204.873853,1,138902,922,"(-4.5,1.5)",42
923,2,94,-535.0,-116.9,0.3971,1036.239572,1,138996,923,"(0.5,-2.0)",42
924,2,341,700.0,-102.6,0.3967,790.437176,1,139337,924,"(-7.0,5.0)",42
925,2,67,-670.0,-104.55,0.3963,580.96542,1,139404,925,"(3.5,0.5)",42
926,2,94,-535.0,-108.9,0.396,725.886107,1,139498,926,"(0.5,-2.0)",42
927,2,94,-535.0,-123.55,0.3956,1299.596855,1,139592,927,"(0.5,-2.0)",42
928,2,293,460.0,-122.9,0.3952,1180.347343,1,139885,928,"(6.0,6.0)",42
929,2,295,470.0,-109.55,0.3948,1154.609883,1,140180,929,"(6.0,6.0)",42
930,2,106,-475.0,-119.2,0.3944,685.667874,1,140286,930,"(-6.0,0.0)",42
931,2,70,-655.0,-120.4,0.394,682.020651,1,140356,931,"(3.5,0.5)",42
932,2,267,330.0,-108.45,0.3936,848.165445,1,140623,932,"(-4.5,1.5)",42
933,2,68,-665.0,-114.35,0.3932,1011.585889,1,140691,933,"(3.5,0.5)",42
934,2,29,-860.0,-114.3,0.3928,1211.132558,1,140720,934,"(0.0,3.5)",42
935,2,68,-665.0,-115.6,0.3924,1471.05885,1,140788,935,"(3.5,0.5)",42
936,2,106,-475.0,-113.7,0.392,464.238121,1,140894,936,"(-6.0,0.0)",42
937,2,340,695.0,-111.2,0.3916,1237.509725,1,141234,937,"(-7.0,5.0)",42
938,2,297,480.0,-119.7,0.3912,609.360415,1,141531,938,"(-4.5,1.5)",42
939,2,106,-475.0,-117.15,0.3908,1099.36512,1,141637,939,"(-6.0,0.0)",42
940,2,106,-475.0,-116.95,0.3904,209.18542,1,141743,940,"(-6.0,0.0)",42
941,2,28,-865.0,-138.75,0.3901,1087.076596,1,141771,941,"(0.0,3.5)",42
942,2,269,340.0,-128.05,0.3897,412.916312,1,142040,942,"(-4.5,1.5)",42
943,2,461,1300.0,-110.75,0.3893,1128.828866,1,142501,943,"(-1.5,-4.0)",42
944,2,69,-660.0,-130.25,0.3889,484.030259,1,142570,944,"(3.5,0.5)",42
945,2,68,-665.0,-140.7,0.3885,445.001338,1,142638,945,"(3.5,0.5)",42
946,2,462,1305.0,-119.0,0.3881,921.043495,1,143100,946,"(-1.5,-4.0)",42
947,2,55,-730.0,-133.15,0.3877,635.749285,1,143155,947,"(1.5,0.0)",42
948,2,106,-475.0,-130.6,0.3873,984.662872,1,143261,948,"(-6.0,0.0)",42
949,2,465,1320.0,-108.8,0.3869,1168.419338,1,143726,949,"(-1.5,-4.0)",42
950,2,68,-665.0,-128.6,0.3866,1104.919195,1,143794,950,"(3.5,0.5)",42
951,2,28,-865.0,-130.6,0.3862,136.784614,1,143822,951,"(0.0,3.5)",42
952,2,339,690.0,-115.0,0.3858,836.415893,1,144161,952,"(-7.0,5.0)",42
953,2,94,-535.0,-115.0,0.3854,1297.866785,1,144255,953,"(0.5,-2.0)",42
954,2,294,465.0,-115.15,0.385,508.811856,1,144549,954,"(6.0,6.0)",42
955,2,463,1310.0,-106.45,0.3846,878.447058,1,145012,955,"(-1.5,-4.0)",42
956,2,106,-475.0,-115.55,0.3842,675.622082,1,145118,956,"(-6.0,0.0)",42
957,2,107,-470.0,-125.1,0.3839,555.833358,1,145225,957,"(-6.0,0.0)",42
958,2,295,470.0,-124.4,0.3835,974.745818,1,145520,958,"(6.0,6.0)",42
959,2,94,-535.0,-125.05,0.3831,476.298791,1,145614,959,"(0.5,-2.0)",42
960,2,295,470.0,-127.2,0.3827,487.970735,1,145909,960,"(-4.5,1.5)",42
961,2,287,430.0,-114.25,0.3823,928.404622,1,146196,961,"(6.0,6.0)",42
962,2,68,-665.0,-116.15,0.3819,818.962552,1,146264,962,"(3.5,0.5)",42
963,2,106,-475.0,-112.25,0.3816,1142.415591,1,146370,963,"(-6.0,0.0)",42
964,2,68,-665.0,-112.25,0.3812,2164.320845,1,146438,964,"(3.5,0.5)",42
965,2,107,-470.0,-126.25,0.3808,412.60722,1,146545,965,"(-6.0,0.0)",42
966,2,68,-665.0,-125.6,0.3804,574.764901,1,146613,966,"(3.5,0.5)",42
967,2,55,-730.0,-141.8,0.38,244.44316,1,146668,967,"(1.5,0.0)",42
968,2,28,-865.0,-155.2,0.3797,185.59716,1,146696,968,"(0.0,3.5)",42
969,2,340,695.0,-142.9,0.3793,753.178234,1,147036,969,"(-7.0,5.0)",42
970,2,55,-730.0,-144.85,0.3789,1041.181139,1,147091,970,"(1.5,0.0)",42
971,2,339,690.0,-129.3,0.3785,610.490758,1,147430,971,"(-7.0,5.0)",42
972,2,94,-535.0,-126.05,0.3781,905.174748,1,147524,972,"(0.5,-2.0)",42
973,2,344,715.0,-123.4,0.3778,927.644852,1,147868,973,"(-7.0,5.0)",42
974,2,299,490.0,-113.15,0.3774,628.36609,1,148167,974,"(-4.5,1.5)",42
975,2,202,5.0,-105.8,0.377,520.452004,1,148369,975,"(6.0,6.0)",42
976,2,340,695.0,-91.6,0.3766,992.16503,1,148709,976,"(-7.0,5.0)",42
977,2,300,495.0,-90.6,0.3763,858.856438,1,149009,977,"(-4.5,1.5)",42
978,2,107,-470.0,-90.55,0.3759,1665.978344,1,149116,978,"(-6.0,0.0)",42
979,2,298,485.0,-92.55,0.3755,403.576084,1,149414,979,"(-4.5,1.5)",42
980,2,28,-865.0,-110.6,0.3751,230.984496,1,149442,980,"(0.0,3.5)",42
981,2,95,-530.0,-111.2,0.3748,537.09569,1,149537,981,"(0.5,-2.0)",42
982,2,69,-660.0,-112.45,0.3744,1383.81842,1,149606,982,"(3.5,0.5)",42
983,2,296,475.0,-99.05,0.374,496.549053,1,149902,983,"(6.0,6.0)",42
984,2,293,460.0,-107.75,0.3736,626.157603,1,150195,984,"(-4.5,1.5)",42
985,2,276,375.0,-95.4,0.3733,729.404633,1,150471,985,"(-4.5,1.5)",42
986,2,468,1335.0,-74.75,0.3729,865.763003,1,150939,986,"(-1.5,-4.0)",42
987,2,464,1315.0,-70.8,0.3725,913.638674,1,151403,987,"(-1.5,-4.0)",42
988,2,106,-475.0,-70.2,0.3721,465.500696,1,151509,988,"(-6.0,0.0)",42
989,2,94,-535.0,-68.25,0.3718,432.410625,1,151603,989,"(0.5,-2.0)",42
990,2,340,695.0,-68.25,0.3714,806.208903,1,151943,990,"(-7.0,5.0)",42
991,2,94,-535.0,-68.25,0.371,382.594966,1,152037,991,"(0.5,-2.0)",42
992,2,390,945.0,-52.2,0.3707,644.048905,1,152427,992,"(6.0,6.0)",42
993,2,94,-535.0,-62.25,0.3703,647.990223,1,152521,993,"(0.5,-2.0)",42
994,2,106,-475.0,-59.7,0.3699,449.595159,1,152627,994,"(-6.0,0.0)",42
995,2,467,1330.0,-51.3,0.3695,563.784826,1,153094,995,"(-1.5,-4.0)",42
996,2,94,-535.0,-51.95,0.3692,139.054863,1,153188,996,"(0.5,-2.0)",42
997,2,281,400.0,-51.05,0.3688,839.647843,1,153469,997,"(6.0,6.0)",42
998,2,301,500.0,-40.7,0.3684,950.03122,1,153770,998,"(-4.5,1.5)",42
999,2,29,-860.0,-62.7,0.3681,2117.123721,1,153799,999,"(0.0,3.5)",42
1000,2,340,695.0,-68.6,0.3677,1030.958407,1,154139,1000,"(-7.0,5.0)",42
